MEP_system,Image_ID,Method,E(Hartree),Time(s)
Ethane,0,UM06-2X-D3/Dev2-QZVPP,-79.81469493664908,1392.898063659668
Ethane,1,UM06-2X-D3/Dev2-QZVPP,-79.81258444642557,1517.576789855957
Ethane,2,UM06-2X-D3/Dev2-QZVPP,-79.80583957519946,1516.099925994873
Ethane,3,UM06-2X-D3/Dev2-QZVPP,-79.7589212611459,1660.6643981933594
Ethane,4,UM06-2X-D3/Dev2-QZVPP,-79.69303843139443,1911.165439605713
Ethane,5,UM06-2X-D3/Dev2-QZVPP,-79.63093891606886,2159.342010498047
Ethane,6,UM06-2X-D3/Dev2-QZVPP,-79.60670205050795,2161.5467643737793
Ethane,7,UM06-2X-D3/Dev2-QZVPP,-79.57529534620248,2160.925266265869
Ethane,8,UM06-2X-D3/Dev2-QZVPP,-79.54203122366951,2288.519485473633
Ethane,9,UM06-2X-D3/Dev2-QZVPP,-79.55071695769477,2839.3321228027344
Ethane,10,UM06-2X-D3/Dev2-QZVPP,-79.55700065102553,5144.127883911133
Ethane,11,UM06-2X-D3/Dev2-QZVPP,-79.56124015600409,3621.888671875
Ethane,12,UM06-2X-D3/Dev2-QZVPP,-79.55461488472079,3599.8065338134766
Ethane,13,UM06-2X-D3/Dev2-QZVPP,-79.55016313331808,6037.536895751952
Ethane,14,UM06-2X-D3/Dev2-QZVPP,-79.54719800278433,6367.975322723389
Ethane,15,UM06-2X-D3/Dev2-QZVPP,-79.54436787572169,3559.5692405700684
Ethane,16,UM06-2X-D3/Dev2-QZVPP,-79.54181288983656,4012.788585662842
Ethane,17,UM06-2X-D3/Dev2-QZVPP,-79.53959692503352,3898.0825309753423
Ethane,18,UM06-2X-D3/Dev2-QZVPP,-79.53764480753308,4918.994487762451
Ethane,19,UM06-2X-D3/Dev2-QZVPP,-79.64238107577006,5156.508399963379
Ethane,0,UB3LYP-D3BJ/Dev2-QZVPP,-79.87732039300079,293.1722373962402
Ethane,1,UB3LYP-D3BJ/Dev2-QZVPP,-79.8753358135163,340.21752166748047
Ethane,2,UB3LYP-D3BJ/Dev2-QZVPP,-79.86878329727486,332.9261779785156
Ethane,3,UB3LYP-D3BJ/Dev2-QZVPP,-79.823945961064,373.78271484374994
Ethane,4,UB3LYP-D3BJ/Dev2-QZVPP,-79.76224516301386,450.8622360229493
Ethane,5,UB3LYP-D3BJ/Dev2-QZVPP,-79.70505136174634,472.6475143432617
Ethane,6,UB3LYP-D3BJ/Dev2-QZVPP,-79.68255775511753,473.9465942382812
Ethane,7,UB3LYP-D3BJ/Dev2-QZVPP,-79.65277713676474,499.038631439209
Ethane,8,UB3LYP-D3BJ/Dev2-QZVPP,-79.62545716923209,629.2558326721191
Ethane,9,UB3LYP-D3BJ/Dev2-QZVPP,-79.63855438316429,598.4522438049316
Ethane,10,UB3LYP-D3BJ/Dev2-QZVPP,-79.64581288200743,702.0805778503418
Ethane,11,UB3LYP-D3BJ/Dev2-QZVPP,-79.65008676801128,780.4523696899414
Ethane,12,UB3LYP-D3BJ/Dev2-QZVPP,-79.64595025433563,677.3463478088379
Ethane,13,UB3LYP-D3BJ/Dev2-QZVPP,-79.64325342657911,723.787239074707
Ethane,14,UB3LYP-D3BJ/Dev2-QZVPP,-79.64173653626779,679.8153686523439
Ethane,15,UB3LYP-D3BJ/Dev2-QZVPP,-79.64023116406733,936.841121673584
Ethane,16,UB3LYP-D3BJ/Dev2-QZVPP,-79.70620046364691,2226.6987953186035
Ethane,17,UB3LYP-D3BJ/Dev2-QZVPP,-79.70641436739999,4212.499588012695
Ethane,18,UB3LYP-D3BJ/Dev2-QZVPP,-79.7065255615256,2188.1886711120605
Ethane,19,UB3LYP-D3BJ/Dev2-QZVPP,-79.70651050453304,2591.380512237549
Ethane,0,U$\omega$B97X-V-D3BJ/Dev2-QZVPP,-79.91369435995831,768.3485565185547
Ethane,1,U$\omega$B97X-V-D3BJ/Dev2-QZVPP,-79.91180593021465,839.5559043884277
Ethane,2,U$\omega$B97X-V-D3BJ/Dev2-QZVPP,-79.90533755879777,836.1025886535645
Ethane,3,U$\omega$B97X-V-D3BJ/Dev2-QZVPP,-79.8593069148353,917.7512931823732
Ethane,4,U$\omega$B97X-V-D3BJ/Dev2-QZVPP,-79.79319816839009,1038.3813819885254
Ethane,5,U$\omega$B97X-V-D3BJ/Dev2-QZVPP,-79.72917463903416,1160.7865943908691
Ethane,6,U$\omega$B97X-V-D3BJ/Dev2-QZVPP,-79.7041053165441,1154.314796447754
Ethane,7,U$\omega$B97X-V-D3BJ/Dev2-QZVPP,-79.67139369891763,1213.8014869689941
Ethane,8,U$\omega$B97X-V-D3BJ/Dev2-QZVPP,-79.6345081909282,1204.5198822021484
Ethane,9,U$\omega$B97X-V-D3BJ/Dev2-QZVPP,-79.64087872107237,1188.9413528442383
Ethane,10,U$\omega$B97X-V-D3BJ/Dev2-QZVPP,-79.64637268134052,1311.644157409668
Ethane,11,U$\omega$B97X-V-D3BJ/Dev2-QZVPP,-79.65054211702518,1052.5399322509766
Ethane,12,U$\omega$B97X-V-D3BJ/Dev2-QZVPP,-79.64154045976939,1106.8756141662598
Ethane,13,U$\omega$B97X-V-D3BJ/Dev2-QZVPP,-79.63510838272435,1214.287254333496
Ethane,14,U$\omega$B97X-V-D3BJ/Dev2-QZVPP,-79.73979950289069,1090.2874908447266
Ethane,15,U$\omega$B97X-V-D3BJ/Dev2-QZVPP,-79.74046778042643,902.6901245117188
Ethane,16,U$\omega$B97X-V-D3BJ/Dev2-QZVPP,-79.74078039694044,1256.905876159668
Ethane,17,U$\omega$B97X-V-D3BJ/Dev2-QZVPP,-79.74099497330793,2218.453380584717
Ethane,18,U$\omega$B97X-V-D3BJ/Dev2-QZVPP,-79.74110775796508,1304.3935317993164
Ethane,19,U$\omega$B97X-V-D3BJ/Dev2-QZVPP,-79.61151269849722,1472.4657821655273
Ethane,0,UCCSD(T)/aug-cc-pVDZ,-79.60275659463728,753.3450050354004
Ethane,1,UCCSD(T)/aug-cc-pVDZ,-79.6018398133296,749.8718185424805
Ethane,2,UCCSD(T)/aug-cc-pVDZ,-79.59670599379614,753.8606758117676
Ethane,3,UCCSD(T)/aug-cc-pVDZ,-79.55377454460609,828.3039169311523
Ethane,4,UCCSD(T)/aug-cc-pVDZ,-79.4940318755166,1000.7888145446777
Ethane,5,UCCSD(T)/aug-cc-pVDZ,-79.43965202149946,869.7496643066406
Ethane,6,UCCSD(T)/aug-cc-pVDZ,-79.41944734256322,890.0194396972656
Ethane,7,UCCSD(T)/aug-cc-pVDZ,-79.38858795762374,1446.9889106750488
Ethane,8,UCCSD(T)/aug-cc-pVDZ,-79.31311931079776,1539.5675964355469
Ethane,9,UCCSD(T)/aug-cc-pVDZ,-79.3057464233992,1869.284812927246
Ethane,10,UCCSD(T)/aug-cc-pVDZ,-79.30289254832446,2123.767189025879
Ethane,11,UCCSD(T)/aug-cc-pVDZ,-79.53660736814057,1018.4612808227539
Ethane,12,UCCSD(T)/aug-cc-pVDZ,-79.60066160621936,1465.9718894958496
Ethane,13,UCCSD(T)/aug-cc-pVDZ,-79.28630717570957,1801.4138488769531
Ethane,14,UCCSD(T)/aug-cc-pVDZ,-79.28004532471152,1760.647933959961
Ethane,15,UCCSD(T)/aug-cc-pVDZ,-79.2744507946973,2446.9017295837402
Ethane,16,UCCSD(T)/aug-cc-pVDZ,-79.58666715413977,1744.3196067810059
Ethane,17,UCCSD(T)/aug-cc-pVDZ,-79.27181051350459,4351.135173797607
Ethane,18,UCCSD(T)/aug-cc-pVDZ,-79.28074943805953,3903.0528869628906
Ethane,19,UCCSD(T)/aug-cc-pVDZ,-79.56949081272825,3560.715133666992
Ethane,0,UCCSD(T)/aug-cc-pVTZ,-79.71899137658338,8960.987480163574
Ethane,1,UCCSD(T)/aug-cc-pVTZ,-79.71698193891324,8331.013332366943
Ethane,2,UCCSD(T)/aug-cc-pVTZ,-79.71039356589097,8979.13786315918
Ethane,3,UCCSD(T)/aug-cc-pVTZ,-79.66478088320453,9491.182430267334
Ethane,4,UCCSD(T)/aug-cc-pVTZ,-79.60395315105066,11146.314136505127
Ethane,5,UCCSD(T)/aug-cc-pVTZ,-79.54995131661813,10647.519660949707
Ethane,6,UCCSD(T)/aug-cc-pVTZ,-79.52916989596247,12085.743648529053
Ethane,7,UCCSD(T)/aug-cc-pVTZ,-79.49895875813168,13781.75415802002
Ethane,8,UCCSD(T)/aug-cc-pVTZ,-79.42110544629887,15622.021602630615
Ethane,9,UCCSD(T)/aug-cc-pVTZ,-79.41432259725512,20884.933208465576
Ethane,10,UCCSD(T)/aug-cc-pVTZ,-79.41160825572754,29180.035243988037
Ethane,11,UCCSD(T)/aug-cc-pVTZ,-79.65401394490304,11148.564918518066
Ethane,12,UCCSD(T)/aug-cc-pVTZ,-79.40156533424606,23224.786735534668
Ethane,13,UCCSD(T)/aug-cc-pVTZ,-79.39457822540895,24698.88731765747
Ethane,14,UCCSD(T)/aug-cc-pVTZ,-79.38838007587826,31276.088592529297
Ethane,15,UCCSD(T)/aug-cc-pVTZ,-79.38275261629,24406.501445770264
Ethane,16,UCCSD(T)/aug-cc-pVTZ,-79.70832019931575,17150.114337921143
Ethane,17,UCCSD(T)/aug-cc-pVTZ,-79.37894643779946,36159.669551849365
Ethane,18,UCCSD(T)/aug-cc-pVTZ,-79.38569161955525,29738.018367767334
Ethane,19,UCCSD(T)/aug-cc-pVTZ,-79.41709101755312,54388.17725753784
Ethane,0,UCCSD(T)/CBS,-79.78093803192762,9714.332485198975
Ethane,1,UCCSD(T)/CBS,-79.77842170559015,9080.885150909424
Ethane,2,UCCSD(T)/CBS,-79.77116675939732,9732.998538970947
Ethane,3,UCCSD(T)/CBS,-79.72427826198265,10319.486347198486
Ethane,4,UCCSD(T)/CBS,-79.66285291052982,12147.102951049805
Ethane,5,UCCSD(T)/CBS,-79.60893863356968,11517.269325256348
Ethane,6,UCCSD(T)/CBS,-79.5878954909539,12975.763088226318
Ethane,7,UCCSD(T)/CBS,-79.55800930061712,15228.743068695068
Ethane,8,UCCSD(T)/CBS,-79.47870105382394,17161.589199066162
Ethane,9,UCCSD(T)/CBS,-79.4722085414422,22754.218021392822
Ethane,10,UCCSD(T)/CBS,-79.46954664310856,31303.802433013916
Ethane,11,UCCSD(T)/CBS,-79.71704188655153,12167.02619934082
Ethane,12,UCCSD(T)/CBS,-79.27961980716833,24690.758625030518
Ethane,13,UCCSD(T)/CBS,-79.45224888848462,26500.301166534424
Ethane,14,UCCSD(T)/CBS,-79.4460542845632,33036.73652648926
Ethane,15,UCCSD(T)/CBS,-79.44038106454056,26853.403175354004
Ethane,16,UCCSD(T)/CBS,-79.77374607111153,18894.43394470215
Ethane,17,UCCSD(T)/CBS,-79.43589651769696,40510.80472564697
Ethane,18,UCCSD(T)/CBS,-79.44137805972076,33641.071254730225
Ethane,19,UCCSD(T)/CBS,-79.32243195674542,57948.892391204834
Ethane,0,"NEVPT2(10,10)/aug-cc-pVDZ",-79.54748709499368,5466.754089355469
Ethane,1,"NEVPT2(10,10)/aug-cc-pVDZ",-79.54663999217547,14615.96291732788
Ethane,2,"NEVPT2(10,10)/aug-cc-pVDZ",-79.54103133213682,12386.642162322998
Ethane,3,"NEVPT2(10,10)/aug-cc-pVDZ",-79.49942790781145,6704.187316894531
Ethane,4,"NEVPT2(10,10)/aug-cc-pVDZ",-79.44048397513909,6333.593734741211
Ethane,5,"NEVPT2(10,10)/aug-cc-pVDZ",-79.38698193327878,5506.752628326416
Ethane,6,"NEVPT2(10,10)/aug-cc-pVDZ",-79.36675721211765,4502.687328338623
Ethane,7,"NEVPT2(10,10)/aug-cc-pVDZ",-79.33889138292898,15668.409767150879
Ethane,8,"NEVPT2(10,10)/aug-cc-pVDZ",-79.33471843696704,5713.791709899902
Ethane,9,"NEVPT2(10,10)/aug-cc-pVDZ",-79.36797597301768,15248.070087432861
Ethane,10,"NEVPT2(10,10)/aug-cc-pVDZ",-79.37978869432408,5714.3218994140625
Ethane,11,"NEVPT2(10,10)/aug-cc-pVDZ",-79.38500614743249,6729.1080894470215
Ethane,12,"NEVPT2(10,10)/aug-cc-pVDZ",-79.38128689543626,11810.819576263428
Ethane,13,"NEVPT2(10,10)/aug-cc-pVDZ",-79.3851229997807,12815.473628997803
Ethane,14,"NEVPT2(10,10)/aug-cc-pVDZ",-79.38260698676008,5529.575630187988
Ethane,15,"NEVPT2(10,10)/aug-cc-pVDZ",-79.38267008166807,6035.068031311035
Ethane,16,"NEVPT2(10,10)/aug-cc-pVDZ",-79.3829500064886,4545.998554229736
Ethane,17,"NEVPT2(10,10)/aug-cc-pVDZ",-79.38319061435291,4524.774295806885
Ethane,18,"NEVPT2(10,10)/aug-cc-pVDZ",-79.38712810912824,27562.363033294678
Ethane,19,"NEVPT2(10,10)/aug-cc-pVDZ",-79.38729191932542,15744.922103881836
Ethane,0,"NEVPT2(10,10)/aug-cc-pVTZ",-79.65722763166104,14994.155349731445
Ethane,1,"NEVPT2(10,10)/aug-cc-pVTZ",-79.65594975886974,11301.314949035645
Ethane,2,"NEVPT2(10,10)/aug-cc-pVTZ",-79.64933257512051,9979.309432983398
Ethane,3,"NEVPT2(10,10)/aug-cc-pVTZ",-79.60451608373633,10576.71985244751
Ethane,4,"NEVPT2(10,10)/aug-cc-pVTZ",-79.54773504214828,23244.253829956055
Ethane,5,"NEVPT2(10,10)/aug-cc-pVTZ",-79.46779741423782,10603.316696166992
Ethane,6,"NEVPT2(10,10)/aug-cc-pVTZ",-79.44267959993292,42520.63460922241
Ethane,7,"NEVPT2(10,10)/aug-cc-pVTZ",-79.44093412566824,41641.527824401855
Ethane,8,"NEVPT2(10,10)/aug-cc-pVTZ",-79.43688194006165,13254.265029907227
Ethane,9,"NEVPT2(10,10)/aug-cc-pVTZ",-79.47272659941896,42761.74345397949
Ethane,10,"NEVPT2(10,10)/aug-cc-pVTZ",-79.48168029067638,9972.838932037354
Ethane,11,"NEVPT2(10,10)/aug-cc-pVTZ",-79.48536930745475,12228.679508209229
Ethane,12,"NEVPT2(10,10)/aug-cc-pVTZ",-79.48642550450738,12826.496543884277
Ethane,13,"NEVPT2(10,10)/aug-cc-pVTZ",-79.48679476361858,12048.939380645752
Ethane,14,"NEVPT2(10,10)/aug-cc-pVTZ",-79.4877553732667,12285.16675567627
Ethane,15,"NEVPT2(10,10)/aug-cc-pVTZ",-79.48834628677314,11861.968013763428
Ethane,16,"NEVPT2(10,10)/aug-cc-pVTZ",-79.4875276615888,11515.228622436523
Ethane,17,"NEVPT2(10,10)/aug-cc-pVTZ",-79.49137472615759,16996.423755645752
Ethane,18,"NEVPT2(10,10)/aug-cc-pVTZ",-79.49148418871182,43636.21371841431
Ethane,19,"NEVPT2(10,10)/aug-cc-pVTZ",-79.48825366693598,17144.938800811768
Ethane,0,"NEVPT2(10,10)/CBS",-79.71367984327799,20460.909439086914
Ethane,1,"NEVPT2(10,10)/CBS",-79.71336731893982,25917.277866363525
Ethane,2,"NEVPT2(10,10)/CBS",-79.70619730554206,22365.951595306396
Ethane,3,"NEVPT2(10,10)/CBS",-79.66025008354123,17280.90716934204
Ethane,4,"NEVPT2(10,10)/CBS",-79.60254458460747,29577.847564697266
Ethane,5,"NEVPT2(10,10)/CBS",-79.51770334628321,16110.069324493408
Ethane,6,"NEVPT2(10,10)/CBS",-79.48728753050959,47023.321937561035
Ethane,7,"NEVPT2(10,10)/CBS",-79.49601301276171,57309.937591552734
Ethane,8,"NEVPT2(10,10)/CBS",-79.4919963646644,18968.05673980713
Ethane,9,"NEVPT2(10,10)/CBS",-79.52691952907442,58009.81354141235
Ethane,10,"NEVPT2(10,10)/CBS",-79.53604746560758,15687.160831451416
Ethane,11,"NEVPT2(10,10)/CBS",-79.5388539976454,18957.78759765625
Ethane,12,"NEVPT2(10,10)/CBS",-79.54115118789237,24637.316120147705
Ethane,13,"NEVPT2(10,10)/CBS",-79.54100023394723,24864.413009643555
Ethane,14,"NEVPT2(10,10)/CBS",-79.54247967068149,17814.742385864258
Ethane,15,"NEVPT2(10,10)/CBS",-79.54299996089944,17897.036045074463
Ethane,16,"NEVPT2(10,10)/CBS",-79.54152183354938,16061.22717666626
Ethane,17,"NEVPT2(10,10)/CBS",-79.54564752353204,21521.198051452637
Ethane,18,"NEVPT2(10,10)/CBS",-79.5453636200504,71198.57675170898
Ethane,19,"NEVPT2(10,10)/CBS",-79.54166225556932,32889.8609046936
Ethane,0,"DF-MRAQCC(10,10)/aug-cc-pVDZ",-79.586723265402,5517.407999999999
Ethane,1,"DF-MRAQCC(10,10)/aug-cc-pVDZ",-79.581308985463,21751.224000000002
Ethane,2,"DF-MRAQCC(10,10)/aug-cc-pVDZ",-79.57628751058,10156.104
Ethane,3,"DF-MRAQCC(10,10)/aug-cc-pVDZ",-79.533886524278,13182.84
Ethane,4,"DF-MRAQCC(10,10)/aug-cc-pVDZ",-79.475297833278,6739.200000000001
Ethane,5,"DF-MRAQCC(10,10)/aug-cc-pVDZ",-79.422555244791,9361.392
Ethane,6,"DF-MRAQCC(10,10)/aug-cc-pVDZ",-79.399531146269,11439.696
Ethane,7,"DF-MRAQCC(10,10)/aug-cc-pVDZ",-79.36816114334,16058.184000000001
Ethane,8,"DF-MRAQCC(10,10)/aug-cc-pVDZ",-79.363704148515,14500.079999999998
Ethane,9,"DF-MRAQCC(10,10)/aug-cc-pVDZ",-79.400002294393,13025.304
Ethane,10,"DF-MRAQCC(10,10)/aug-cc-pVDZ",-79.408994059431,12859.584
Ethane,11,"DF-MRAQCC(10,10)/aug-cc-pVDZ",-79.415737832603,8650.944
Ethane,12,"DF-MRAQCC(10,10)/aug-cc-pVDZ",-79.413557006578,15266.207999999999
Ethane,13,"DF-MRAQCC(10,10)/aug-cc-pVDZ",-79.414496079547,14063.687999999998
Ethane,14,"DF-MRAQCC(10,10)/aug-cc-pVDZ",-79.414669007927,13700.448
Ethane,15,"DF-MRAQCC(10,10)/aug-cc-pVDZ",-79.414711400278,11197.824
Ethane,16,"DF-MRAQCC(10,10)/aug-cc-pVDZ",-79.417412324427,8292.744
Ethane,17,"DF-MRAQCC(10,10)/aug-cc-pVDZ",-79.415743084146,12981.768
Ethane,18,"DF-MRAQCC(10,10)/aug-cc-pVDZ",-79.416222661766,14015.712000000001
Ethane,19,"DF-MRAQCC(10,10)/aug-cc-pVDZ",-79.418625322264,7154.568000000001
Ethane,0,"DF-MRCISD+Q(10,10)/aug-cc-pVDZ",-79.590374898858,7718.447999999999
Ethane,1,"DF-MRCISD+Q(10,10)/aug-cc-pVDZ",-79.584681583564,19390.656
Ethane,2,"DF-MRCISD+Q(10,10)/aug-cc-pVDZ",-79.579729124335,10490.256
Ethane,3,"DF-MRCISD+Q(10,10)/aug-cc-pVDZ",-79.537141465713,14705.304
Ethane,4,"DF-MRCISD+Q(10,10)/aug-cc-pVDZ",-79.478807595233,10130.664
Ethane,5,"DF-MRCISD+Q(10,10)/aug-cc-pVDZ",-79.426233024227,9272.016
Ethane,6,"DF-MRCISD+Q(10,10)/aug-cc-pVDZ",-79.402874536817,11882.808
Ethane,7,"DF-MRCISD+Q(10,10)/aug-cc-pVDZ",-79.371482425897,17040.336
Ethane,8,"DF-MRCISD+Q(10,10)/aug-cc-pVDZ",-79.367010566803,14250.768
Ethane,9,"DF-MRCISD+Q(10,10)/aug-cc-pVDZ",-79.403148435424,14004.815999999999
Ethane,10,"DF-MRCISD+Q(10,10)/aug-cc-pVDZ",-79.412107882522,13840.511999999999
Ethane,11,"DF-MRCISD+Q(10,10)/aug-cc-pVDZ",-79.419023764187,9355.583999999999
Ethane,12,"DF-MRCISD+Q(10,10)/aug-cc-pVDZ",-79.416671193746,16809.288
Ethane,13,"DF-MRCISD+Q(10,10)/aug-cc-pVDZ",-79.417600852526,15015.047999999999
Ethane,14,"DF-MRCISD+Q(10,10)/aug-cc-pVDZ",-79.417783053864,14846.832000000002
Ethane,15,"DF-MRCISD+Q(10,10)/aug-cc-pVDZ",-79.41784848433,12520.584
Ethane,16,"DF-MRCISD+Q(10,10)/aug-cc-pVDZ",-79.420684365984,9124.272
Ethane,17,"DF-MRCISD+Q(10,10)/aug-cc-pVDZ",-79.418846521337,12851.448
Ethane,18,"DF-MRCISD+Q(10,10)/aug-cc-pVDZ",-79.419324842975,13333.968
Ethane,19,"DF-MRCISD+Q(10,10)/aug-cc-pVDZ",-79.421871182075,7534.799999999999
Formamide,0,UM06-2X-D3/Dev2-QZVPP,-169.90798487412627,1363.7607154846191
Formamide,1,UM06-2X-D3/Dev2-QZVPP,-169.90794810258393,1359.9401931762695
Formamide,2,UM06-2X-D3/Dev2-QZVPP,-169.90364296213556,1362.4942359924316
Formamide,3,UM06-2X-D3/Dev2-QZVPP,-169.89370417954447,1362.0321960449219
Formamide,4,UM06-2X-D3/Dev2-QZVPP,-169.87243947447487,1357.061897277832
Formamide,5,UM06-2X-D3/Dev2-QZVPP,-169.71645257418402,1856.6275177001953
Formamide,6,UM06-2X-D3/Dev2-QZVPP,-169.71426597392687,1856.8831596374512
Formamide,7,UM06-2X-D3/Dev2-QZVPP,-169.84238514475578,1367.1528816223145
Formamide,8,UM06-2X-D3/Dev2-QZVPP,-169.86776340443006,1369.7127075195312
Formamide,9,UM06-2X-D3/Dev2-QZVPP,-169.87037752987482,1378.0225944519043
Formamide,10,UM06-2X-D3/Dev2-QZVPP,-169.87020386710105,1374.2591819763184
Formamide,11,UM06-2X-D3/Dev2-QZVPP,-169.85436187512082,1458.8111419677734
Formamide,12,UM06-2X-D3/Dev2-QZVPP,-169.73070156197704,2204.3554649353027
Formamide,13,UM06-2X-D3/Dev2-QZVPP,-169.6480383751392,2454.7653884887695
Formamide,14,UM06-2X-D3/Dev2-QZVPP,-169.62364418379022,3708.8776550292964
Formamide,15,UM06-2X-D3/Dev2-QZVPP,-169.60805988502096,9209.439655303955
Formamide,16,UM06-2X-D3/Dev2-QZVPP,-169.5925146246302,7608.4120445251465
Formamide,17,UM06-2X-D3/Dev2-QZVPP,-169.6964497952847,4387.0348777771
Formamide,18,UM06-2X-D3/Dev2-QZVPP,-169.69643549726905,38856.838512420654
Formamide,19,UM06-2X-D3/Dev2-QZVPP,-169.69652128631373,43057.8349647522
Formamide,0,UB3LYP-D3BJ/Dev2-QZVPP,-169.9887242052514,294.30179214477545
Formamide,1,UB3LYP-D3BJ/Dev2-QZVPP,-169.98869382133842,298.84145736694336
Formamide,2,UB3LYP-D3BJ/Dev2-QZVPP,-169.98449166037238,297.5925865173339
Formamide,3,UB3LYP-D3BJ/Dev2-QZVPP,-169.97433820085928,298.80189514160156
Formamide,4,UB3LYP-D3BJ/Dev2-QZVPP,-169.95293311062534,297.07624816894526
Formamide,5,UB3LYP-D3BJ/Dev2-QZVPP,-169.8088298809806,402.53246688842773
Formamide,6,UB3LYP-D3BJ/Dev2-QZVPP,-169.8047451115136,399.56668090820307
Formamide,7,UB3LYP-D3BJ/Dev2-QZVPP,-169.92465058040517,298.54330062866217
Formamide,8,UB3LYP-D3BJ/Dev2-QZVPP,-169.94920614897035,297.143253326416
Formamide,9,UB3LYP-D3BJ/Dev2-QZVPP,-169.95247533294844,295.62265396118164
Formamide,10,UB3LYP-D3BJ/Dev2-QZVPP,-169.95230329663374,298.312744140625
Formamide,11,UB3LYP-D3BJ/Dev2-QZVPP,-169.93815355166794,296.6501007080078
Formamide,12,UB3LYP-D3BJ/Dev2-QZVPP,-169.82382157804167,454.31503677368164
Formamide,13,UB3LYP-D3BJ/Dev2-QZVPP,-169.7577332648934,486.3606567382812
Formamide,14,UB3LYP-D3BJ/Dev2-QZVPP,-169.78830384912237,667.3078880310059
Formamide,15,UB3LYP-D3BJ/Dev2-QZVPP,-169.7284576517015,1840.9698486328125
Formamide,16,UB3LYP-D3BJ/Dev2-QZVPP,-169.7881990417597,995.9497871398926
Formamide,17,UB3LYP-D3BJ/Dev2-QZVPP,-169.78812161796378,1208.443645477295
Formamide,18,UB3LYP-D3BJ/Dev2-QZVPP,-169.788077965995,591.0298957824707
Formamide,19,UB3LYP-D3BJ/Dev2-QZVPP,-169.78809902606497,891.1797676086426
Formamide,0,U$\omega$B97X-V-D3BJ/Dev2-QZVPP,-170.0231457465245,916.9749526977539
Formamide,1,U$\omega$B97X-V-D3BJ/Dev2-QZVPP,-170.02311137737942,920.478889465332
Formamide,2,U$\omega$B97X-V-D3BJ/Dev2-QZVPP,-170.01887037468157,915.1749839782715
Formamide,3,U$\omega$B97X-V-D3BJ/Dev2-QZVPP,-170.0090578353765,914.1754684448243
Formamide,4,U$\omega$B97X-V-D3BJ/Dev2-QZVPP,-169.98786108440925,912.3178672790528
Formamide,5,U$\omega$B97X-V-D3BJ/Dev2-QZVPP,-169.8315696395892,1214.7303161621094
Formamide,6,U$\omega$B97X-V-D3BJ/Dev2-QZVPP,-169.82773902721306,1166.1437950134277
Formamide,7,U$\omega$B97X-V-D3BJ/Dev2-QZVPP,-169.95434135462094,899.4003486633301
Formamide,8,U$\omega$B97X-V-D3BJ/Dev2-QZVPP,-169.97944320974014,878.8592376708984
Formamide,9,U$\omega$B97X-V-D3BJ/Dev2-QZVPP,-169.98262476667418,801.4805107116699
Formamide,10,U$\omega$B97X-V-D3BJ/Dev2-QZVPP,-169.9824272978574,850.8056373596193
Formamide,11,U$\omega$B97X-V-D3BJ/Dev2-QZVPP,-169.96737601125298,865.7943000793458
Formamide,12,U$\omega$B97X-V-D3BJ/Dev2-QZVPP,-169.84386533598328,24698.68231201172
Formamide,13,U$\omega$B97X-V-D3BJ/Dev2-QZVPP,-169.75615125995827,1549.495906829834
Formamide,14,U$\omega$B97X-V-D3BJ/Dev2-QZVPP,-169.72894011429202,1940.351417541504
Formamide,15,U$\omega$B97X-V-D3BJ/Dev2-QZVPP,-169.71018989115905,6813.684642791748
Formamide,16,U$\omega$B97X-V-D3BJ/Dev2-QZVPP,-169.68952940402323,3333.5192146301265
Formamide,17,U$\omega$B97X-V-D3BJ/Dev2-QZVPP,-169.6801967966671,2173.2290115356445
Formamide,18,U$\omega$B97X-V-D3BJ/Dev2-QZVPP,-169.67687898365702,3776.3213119506827
Formamide,19,U$\omega$B97X-V-D3BJ/Dev2-QZVPP,-169.67424732777752,2876.5198860168457
Formamide,0,UCCSD(T)/aug-cc-pVDZ,-169.51735291723048,1247.3982429504395
Formamide,1,UCCSD(T)/aug-cc-pVDZ,-169.51738095179667,1251.9289817810059
Formamide,2,UCCSD(T)/aug-cc-pVDZ,-169.51322227899203,1140.3506202697754
Formamide,3,UCCSD(T)/aug-cc-pVDZ,-169.50404047845325,1097.9496269226074
Formamide,4,UCCSD(T)/aug-cc-pVDZ,-169.48475356073607,1140.4768753051758
Formamide,5,UCCSD(T)/aug-cc-pVDZ,-169.3533743421628,1306.02445602417
Formamide,6,UCCSD(T)/aug-cc-pVDZ,-169.33228612534705,1532.3705596923828
Formamide,7,UCCSD(T)/aug-cc-pVDZ,-169.45079323455013,1020.9554328918457
Formamide,8,UCCSD(T)/aug-cc-pVDZ,-169.47432242374973,1174.045783996582
Formamide,9,UCCSD(T)/aug-cc-pVDZ,-169.477556885876,1177.9271430969238
Formamide,10,UCCSD(T)/aug-cc-pVDZ,-169.47743507158185,1175.1438903808594
Formamide,11,UCCSD(T)/aug-cc-pVDZ,-169.46515902916573,1098.7811965942383
Formamide,12,UCCSD(T)/aug-cc-pVDZ,-169.35694824081523,1142.2401008605957
Formamide,13,UCCSD(T)/aug-cc-pVDZ,-169.31665099320745,1612.520824432373
Formamide,14,UCCSD(T)/aug-cc-pVDZ,-169.3226788014877,2007.3481483459473
Formamide,15,UCCSD(T)/aug-cc-pVDZ,-169.33052438063322,1777.6103591918945
Formamide,16,UCCSD(T)/aug-cc-pVDZ,-169.34326718916472,2542.431884765625
Formamide,17,UCCSD(T)/aug-cc-pVDZ,-169.34637320209018,2370.279342651367
Formamide,18,UCCSD(T)/aug-cc-pVDZ,-169.349144710407,2778.6565475463867
Formamide,19,UCCSD(T)/aug-cc-pVDZ,-169.35288290997636,2554.9339599609375
Formamide,0,UCCSD(T)/aug-cc-pVTZ,-169.70756501286246,15718.050048828125
Formamide,1,UCCSD(T)/aug-cc-pVTZ,-169.7075261095106,15868.901039123535
Formamide,2,UCCSD(T)/aug-cc-pVTZ,-169.70359294890213,16641.35203552246
Formamide,3,UCCSD(T)/aug-cc-pVTZ,-169.69422146861197,17484.040210723877
Formamide,4,UCCSD(T)/aug-cc-pVTZ,-169.67387625155055,17589.95595932007
Formamide,5,UCCSD(T)/aug-cc-pVTZ,-169.5383196200605,20144.632244110107
Formamide,6,UCCSD(T)/aug-cc-pVTZ,-169.52054799237828,21648.54082107544
Formamide,7,UCCSD(T)/aug-cc-pVTZ,-169.6427285116738,18485.379398345947
Formamide,8,UCCSD(T)/aug-cc-pVTZ,-169.66653648422988,16054.172554016113
Formamide,9,UCCSD(T)/aug-cc-pVTZ,-169.6693951552832,16690.66269683838
Formamide,10,UCCSD(T)/aug-cc-pVTZ,-169.6693076875221,16733.525394439697
Formamide,11,UCCSD(T)/aug-cc-pVTZ,-169.65512123148372,15930.969058990479
Formamide,12,UCCSD(T)/aug-cc-pVTZ,-169.54378887103377,17705.892417907715
Formamide,13,UCCSD(T)/aug-cc-pVTZ,-169.5011754397796,21377.17530441284
Formamide,14,UCCSD(T)/aug-cc-pVTZ,-169.50656560728632,24373.93922805786
Formamide,15,UCCSD(T)/aug-cc-pVTZ,-169.51412398457418,26101.3323097229
Formamide,16,UCCSD(T)/aug-cc-pVTZ,-169.52629434506824,29138.139938354492
Formamide,17,UCCSD(T)/aug-cc-pVTZ,-169.52974528374162,40730.30187225342
Formamide,18,UCCSD(T)/aug-cc-pVTZ,-169.5325338196895,30764.503604888916
Formamide,19,UCCSD(T)/aug-cc-pVTZ,-169.5362272373094,44475.337017059326
Formamide,0,UCCSD(T)/CBS,-169.80816029035498,16965.448291778564
Formamide,1,UCCSD(T)/CBS,-169.80808802142033,17120.83002090454
Formamide,2,UCCSD(T)/CBS,-169.80426372266786,17781.702655792236
Formamide,3,UCCSD(T)/CBS,-169.79481519489633,18581.989837646484
Formamide,4,UCCSD(T)/CBS,-169.77402114180845,18730.432834625244
Formamide,5,UCCSD(T)/CBS,-169.63636722010477,21450.656700134277
Formamide,6,UCCSD(T)/CBS,-169.62018022602822,23180.911380767822
Formamide,7,UCCSD(T)/CBS,-169.7437701977667,19506.334831237793
Formamide,8,UCCSD(T)/CBS,-169.7674541572124,17228.218338012695
Formamide,9,UCCSD(T)/CBS,-169.77008133453614,17868.589839935303
Formamide,10,UCCSD(T)/CBS,-169.77000663896365,17908.669284820557
Formamide,11,UCCSD(T)/CBS,-169.7551378211282,17029.750255584717
Formamide,12,UCCSD(T)/CBS,-169.6425380185705,18848.13251876831
Formamide,13,UCCSD(T)/CBS,-169.59888794340733,22989.696128845215
Formamide,14,UCCSD(T)/CBS,-169.60394787623557,26381.28737640381
Formamide,15,UCCSD(T)/CBS,-169.61134596251753,27878.942668914795
Formamide,16,UCCSD(T)/CBS,-169.6231972335198,31680.571823120117
Formamide,17,UCCSD(T)/CBS,-169.62683983975944,43100.581214904785
Formamide,18,UCCSD(T)/CBS,-169.62964430921133,33543.1601524353
Formamide,19,UCCSD(T)/CBS,-169.63331512369336,47030.270977020264
Formamide,0,"NEVPT2(10,10)/aug-cc-pVDZ",-169.4219326738372,65328.38168716431
Formamide,1,"NEVPT2(10,10)/aug-cc-pVDZ",-169.46052870786528,17891.927730560303
Formamide,2,"NEVPT2(10,10)/aug-cc-pVDZ",-169.45622609011454,9545.848834991455
Formamide,3,"NEVPT2(10,10)/aug-cc-pVDZ",-169.45770246119685,21695.245822906494
Formamide,4,"NEVPT2(10,10)/aug-cc-pVDZ",-169.42054929346736,14854.207489013672
Formamide,5,"NEVPT2(10,10)/aug-cc-pVDZ",-169.2908406879332,7999.098007202148
Formamide,6,"NEVPT2(10,10)/aug-cc-pVDZ",-169.26306611966106,16985.85181427002
Formamide,7,"NEVPT2(10,10)/aug-cc-pVDZ",-169.40209029101445,17616.706630706787
Formamide,8,"NEVPT2(10,10)/aug-cc-pVDZ",-169.42558039594738,14904.654712677002
Formamide,9,"NEVPT2(10,10)/aug-cc-pVDZ",-169.4121392234417,20795.032875061035
Formamide,10,"NEVPT2(10,10)/aug-cc-pVDZ",-169.41196263055954,26026.967044830322
Formamide,11,"NEVPT2(10,10)/aug-cc-pVDZ",-169.4177155813797,3344.661144256592
Formamide,12,"NEVPT2(10,10)/aug-cc-pVDZ",-169.31229252524363,13946.853351593018
Formamide,13,"NEVPT2(10,10)/aug-cc-pVDZ",-169.24978967900293,6563.783420562744
Formamide,14,"NEVPT2(10,10)/aug-cc-pVDZ",-169.244276298916,24524.73012161255
Formamide,15,"NEVPT2(10,10)/aug-cc-pVDZ",-169.27266195644745,21193.72872543335
Formamide,16,"NEVPT2(10,10)/aug-cc-pVDZ",-169.24607519508507,31470.31531906128
Formamide,17,"NEVPT2(10,10)/aug-cc-pVDZ",-169.24264264814863,18930.352268218994
Formamide,18,"NEVPT2(10,10)/aug-cc-pVDZ",-169.24369446287662,16049.828338623047
Formamide,19,"NEVPT2(10,10)/aug-cc-pVDZ",-169.24318983544853,17240.679637908936
Formamide,0,"NEVPT2(10,10)/aug-cc-pVTZ",-169.63792950076655,46506.93844985962
Formamide,1,"NEVPT2(10,10)/aug-cc-pVTZ",-169.64161216395016,31528.17972946167
Formamide,2,"NEVPT2(10,10)/aug-cc-pVTZ",-169.60356001684673,47009.43465805054
Formamide,3,"NEVPT2(10,10)/aug-cc-pVTZ",-169.5798244347701,42204.17993927002
Formamide,4,"NEVPT2(10,10)/aug-cc-pVTZ",-169.57064691212562,56930.16101074219
Formamide,5,"NEVPT2(10,10)/aug-cc-pVTZ",-169.47472076130265,57409.31330871582
Formamide,6,"NEVPT2(10,10)/aug-cc-pVTZ",-169.46748483963978,44292.45026016235
Formamide,7,"NEVPT2(10,10)/aug-cc-pVTZ",-169.52098407848294,49690.50960922241
Formamide,8,"NEVPT2(10,10)/aug-cc-pVTZ",-169.61254873606674,80501.5389213562
Formamide,9,"NEVPT2(10,10)/aug-cc-pVTZ",-169.59884991841597,69329.4294128418
Formamide,10,"NEVPT2(10,10)/aug-cc-pVTZ",-169.6155640132663,36443.683586120605
Formamide,11,"NEVPT2(10,10)/aug-cc-pVTZ",-169.57917394088784,60849.2229309082
Formamide,12,"NEVPT2(10,10)/aug-cc-pVTZ",-169.4935352985264,34217.75162124634
Formamide,13,"NEVPT2(10,10)/aug-cc-pVTZ",-169.45245899064813,35740.6593170166
Formamide,14,"NEVPT2(10,10)/aug-cc-pVTZ",-169.41836059491715,78176.53597640991
Formamide,15,"NEVPT2(10,10)/aug-cc-pVTZ",-169.41534374475052,73175.23843765259
Formamide,16,"NEVPT2(10,10)/aug-cc-pVTZ",-169.42353920570642,52882.877880096436
Formamide,17,"NEVPT2(10,10)/aug-cc-pVTZ",-169.4214096322903,30318.58264541626
Formamide,18,"NEVPT2(10,10)/aug-cc-pVTZ",-169.41949078742178,38096.58242034912
Formamide,19,"NEVPT2(10,10)/aug-cc-pVTZ",-169.3168718274692,113699.0945854187
Formamide,0,"NEVPT2(10,10)/CBS",-169.74883493588777,111835.32013702393
Formamide,1,"NEVPT2(10,10)/CBS",-169.74144612125266,49420.10746002197
Formamide,2,"NEVPT2(10,10)/CBS",-169.67926528250285,56555.28349304199
Formamide,3,"NEVPT2(10,10)/CBS",-169.6441104481845,63899.425762176514
Formamide,4,"NEVPT2(10,10)/CBS",-169.65246457632156,71784.36849975586
Formamide,5,"NEVPT2(10,10)/CBS",-169.5776565738801,65408.41131591797
Formamide,6,"NEVPT2(10,10)/CBS",-169.57269907401889,61278.30207443237
Formamide,7,"NEVPT2(10,10)/CBS",-169.58290493373582,67307.2162399292
Formamide,8,"NEVPT2(10,10)/CBS",-169.70836957675223,95406.1936340332
Formamide,9,"NEVPT2(10,10)/CBS",-169.72268468738125,90124.46228790283
Formamide,10,"NEVPT2(10,10)/CBS",-169.7261660064703,62470.65063095093
Formamide,11,"NEVPT2(10,10)/CBS",-169.65567316371846,64193.884075164795
Formamide,12,"NEVPT2(10,10)/CBS",-169.58699466951205,48164.604972839355
Formamide,13,"NEVPT2(10,10)/CBS",-169.56124893975712,42304.442737579346
Formamide,14,"NEVPT2(10,10)/CBS",-169.50223987955474,102701.26609802246
Formamide,15,"NEVPT2(10,10)/CBS",-169.4790590578037,94368.96716308594
Formamide,16,"NEVPT2(10,10)/CBS",-169.51716373623205,84353.19319915771
Formamide,17,"NEVPT2(10,10)/CBS",-169.51630268640488,49248.934913635254
Formamide,18,"NEVPT2(10,10)/CBS",-169.50964089252838,54146.41075897217
Formamide,19,"NEVPT2(10,10)/CBS",-169.3686305041942,130939.77422332764
Formamide,0,"DF-MRAQCC(10,10)/aug-cc-pVDZ",-169.490490558749,10339.944
Formamide,1,"DF-MRAQCC(10,10)/aug-cc-pVDZ",-169.490179197525,11922.36
Formamide,2,"DF-MRAQCC(10,10)/aug-cc-pVDZ",-169.483165685658,23799.312
Formamide,3,"DF-MRAQCC(10,10)/aug-cc-pVDZ",-169.473703319706,24218.496
Formamide,4,"DF-MRAQCC(10,10)/aug-cc-pVDZ",-169.455304136211,24343.944
Formamide,5,"DF-MRAQCC(10,10)/aug-cc-pVDZ",-169.326271245791,38023.776
Formamide,6,"DF-MRAQCC(10,10)/aug-cc-pVDZ",-169.299764795744,49911.816000000006
Formamide,7,"DF-MRAQCC(10,10)/aug-cc-pVDZ",-169.421174336421,27610.776
Formamide,8,"DF-MRAQCC(10,10)/aug-cc-pVDZ",-169.446678847734,21865.584000000003
Formamide,9,"DF-MRAQCC(10,10)/aug-cc-pVDZ",-169.45050495148,19011.456
Formamide,10,"DF-MRAQCC(10,10)/aug-cc-pVDZ",-169.450667447251,19511.256
Formamide,11,"DF-MRAQCC(10,10)/aug-cc-pVDZ",-169.438945038365,20003.4
Formamide,12,"DF-MRAQCC(10,10)/aug-cc-pVDZ",-169.328834623241,30748.68
Formamide,13,"DF-MRAQCC(10,10)/aug-cc-pVDZ",-169.28770017629,58209.45599999999
Formamide,14,"DF-MRAQCC(10,10)/aug-cc-pVDZ",-169.283557739245,72770.28
Formamide,15,"DF-MRAQCC(10,10)/aug-cc-pVDZ",-169.276405361351,146187.384
Formamide,16,"DF-MRAQCC(10,10)/aug-cc-pVDZ",-169.279698342662,35416.992
Formamide,17,"DF-MRAQCC(10,10)/aug-cc-pVDZ",-169.277322632964,43467.600000000006
Formamide,18,"DF-MRAQCC(10,10)/aug-cc-pVDZ",-169.276886424289,33278.592
Formamide,19,"DF-MRAQCC(10,10)/aug-cc-pVDZ",-169.279168706415,34972.992
Formamide,0,"DF-MRCISD+Q(10,10)/aug-cc-pVDZ",-169.492940719239,10993.56
Formamide,1,"DF-MRCISD+Q(10,10)/aug-cc-pVDZ",-169.492636804846,12576.024
Formamide,2,"DF-MRCISD+Q(10,10)/aug-cc-pVDZ",-169.485779046412,26370.840000000004
Formamide,3,"DF-MRCISD+Q(10,10)/aug-cc-pVDZ",-169.476300921287,26413.536
Formamide,4,"DF-MRCISD+Q(10,10)/aug-cc-pVDZ",-169.457896916761,25995.144
Formamide,5,"DF-MRCISD+Q(10,10)/aug-cc-pVDZ",-169.327683412284,31622.04
Formamide,6,"DF-MRCISD+Q(10,10)/aug-cc-pVDZ",-169.302259879518,50483.424
Formamide,7,"DF-MRCISD+Q(10,10)/aug-cc-pVDZ",-169.423765113851,30865.776
Formamide,8,"DF-MRCISD+Q(10,10)/aug-cc-pVDZ",-169.449188189406,23436.072
Formamide,9,"DF-MRCISD+Q(10,10)/aug-cc-pVDZ",-169.453005257259,20655.624
Formamide,10,"DF-MRCISD+Q(10,10)/aug-cc-pVDZ",-169.453140468992,21279.432
Formamide,11,"DF-MRCISD+Q(10,10)/aug-cc-pVDZ",-169.441371650525,22972.199999999997
Formamide,12,"DF-MRCISD+Q(10,10)/aug-cc-pVDZ",-169.331263489314,34362.96
Formamide,13,"DF-MRCISD+Q(10,10)/aug-cc-pVDZ",-169.289963836181,61685.759999999995
Formamide,14,"DF-MRCISD+Q(10,10)/aug-cc-pVDZ",-169.284301867844,63756.984000000004
Formamide,15,"DF-MRCISD+Q(10,10)/aug-cc-pVDZ",-169.284987405727,30378.840000000004
Formamide,16,"DF-MRCISD+Q(10,10)/aug-cc-pVDZ",-169.282217110261,30522.840000000004
Formamide,17,"DF-MRCISD+Q(10,10)/aug-cc-pVDZ",-169.279489099833,51504.96
Formamide,18,"DF-MRCISD+Q(10,10)/aug-cc-pVDZ",-169.278926656113,31778.04
Formamide,19,"DF-MRCISD+Q(10,10)/aug-cc-pVDZ",-169.281086404151,33357.24
1-Propanol,0,UM06-2X-D3/Dev2-QZVPP,-194.354562802357,6615.205375671387
1-Propanol,1,UM06-2X-D3/Dev2-QZVPP,-194.35427171978455,6566.051418304443
1-Propanol,2,UM06-2X-D3/Dev2-QZVPP,-194.35297147592445,6130.2869300842285
1-Propanol,3,UM06-2X-D3/Dev2-QZVPP,-194.3432758281993,6627.5881271362305
1-Propanol,4,UM06-2X-D3/Dev2-QZVPP,-194.31713716054543,7040.910175323486
1-Propanol,5,UM06-2X-D3/Dev2-QZVPP,-194.22933296474844,8340.494567871094
1-Propanol,6,UM06-2X-D3/Dev2-QZVPP,-194.1851678095899,9342.215385437012
1-Propanol,7,UM06-2X-D3/Dev2-QZVPP,-194.15051474629064,9652.017093658447
1-Propanol,8,UM06-2X-D3/Dev2-QZVPP,-194.110847770068,14397.538516998291
1-Propanol,9,UM06-2X-D3/Dev2-QZVPP,-194.08734733669527,14068.484287261963
1-Propanol,10,UM06-2X-D3/Dev2-QZVPP,-194.07338519408944,18708.691577911377
1-Propanol,11,UM06-2X-D3/Dev2-QZVPP,-194.06429799366,26268.89435195923
1-Propanol,12,UM06-2X-D3/Dev2-QZVPP,-194.1724894650931,22418.78811264038
1-Propanol,13,UM06-2X-D3/Dev2-QZVPP,-194.17266613685612,20738.699981689453
1-Propanol,14,UM06-2X-D3/Dev2-QZVPP,-194.17291743270528,18164.95830154419
1-Propanol,15,UM06-2X-D3/Dev2-QZVPP,-194.17297454779376,30736.367435455322
1-Propanol,16,UM06-2X-D3/Dev2-QZVPP,-194.1727804397712,32784.11084365845
1-Propanol,17,UM06-2X-D3/Dev2-QZVPP,-194.16455569467243,93848.5916595459
1-Propanol,18,UM06-2X-D3/Dev2-QZVPP,-194.17549149650003,215863.560131073
1-Propanol,19,UM06-2X-D3/Dev2-QZVPP,-193.6986055363601,216059.70373535156
1-Propanol,0,UB3LYP-D3BJ/Dev2-QZVPP,-194.4659173853524,2085.239360809326
1-Propanol,1,UB3LYP-D3BJ/Dev2-QZVPP,-194.4656850173436,2086.176746368408
1-Propanol,2,UB3LYP-D3BJ/Dev2-QZVPP,-194.46453641463785,2084.5191802978516
1-Propanol,3,UB3LYP-D3BJ/Dev2-QZVPP,-194.45539911779775,2078.5729904174805
1-Propanol,4,UB3LYP-D3BJ/Dev2-QZVPP,-194.43045009415735,2204.9083671569824
1-Propanol,5,UB3LYP-D3BJ/Dev2-QZVPP,-194.3479107333933,2433.0121307373047
1-Propanol,6,UB3LYP-D3BJ/Dev2-QZVPP,-194.30825989537465,2944.1646003723145
1-Propanol,7,UB3LYP-D3BJ/Dev2-QZVPP,-194.2789459567589,2692.84268951416
1-Propanol,8,UB3LYP-D3BJ/Dev2-QZVPP,-194.2482269276041,5305.37414932251
1-Propanol,9,UB3LYP-D3BJ/Dev2-QZVPP,-194.23005480514664,5273.1139488220215
1-Propanol,10,UB3LYP-D3BJ/Dev2-QZVPP,-194.2197762311422,7157.283618927002
1-Propanol,11,UB3LYP-D3BJ/Dev2-QZVPP,-194.2900959248807,5983.30729675293
1-Propanol,12,UB3LYP-D3BJ/Dev2-QZVPP,-194.2901726448008,5348.630229949951
1-Propanol,13,UB3LYP-D3BJ/Dev2-QZVPP,-194.29015665074863,6230.554740905762
1-Propanol,14,UB3LYP-D3BJ/Dev2-QZVPP,-194.29028973306905,4234.981662750244
1-Propanol,15,UB3LYP-D3BJ/Dev2-QZVPP,-194.29033464427255,6013.352703094483
1-Propanol,16,UB3LYP-D3BJ/Dev2-QZVPP,-194.29019637380316,7187.802467346191
1-Propanol,17,UB3LYP-D3BJ/Dev2-QZVPP,-194.29253821061968,7947.677501678467
1-Propanol,18,UB3LYP-D3BJ/Dev2-QZVPP,-194.29253559735176,28200.335021972656
1-Propanol,19,UB3LYP-D3BJ/Dev2-QZVPP,-194.2924491594604,7779.5595626831055
1-Propanol,0,U$\omega$B97X-V-D3BJ/Dev2-QZVPP,-194.52924063830636,4810.139041900635
1-Propanol,1,U$\omega$B97X-V-D3BJ/Dev2-QZVPP,-194.52898066582185,4816.579486846924
1-Propanol,2,U$\omega$B97X-V-D3BJ/Dev2-QZVPP,-194.5277238139604,4791.240127563477
1-Propanol,3,U$\omega$B97X-V-D3BJ/Dev2-QZVPP,-194.51811988888545,4791.088188171387
1-Propanol,4,U$\omega$B97X-V-D3BJ/Dev2-QZVPP,-194.4920893776236,4962.482849121095
1-Propanol,5,U$\omega$B97X-V-D3BJ/Dev2-QZVPP,-194.4047014667034,6179.1147689819345
1-Propanol,6,U$\omega$B97X-V-D3BJ/Dev2-QZVPP,-194.3603933848443,7768.5962562561035
1-Propanol,7,U$\omega$B97X-V-D3BJ/Dev2-QZVPP,-194.32551917471264,12074.846778869629
1-Propanol,8,U$\omega$B97X-V-D3BJ/Dev2-QZVPP,-194.28386023943204,11997.144603729248
1-Propanol,9,U$\omega$B97X-V-D3BJ/Dev2-QZVPP,-194.25719277000476,11202.85940170288
1-Propanol,10,U$\omega$B97X-V-D3BJ/Dev2-QZVPP,-194.24021061872267,15019.37865447998
1-Propanol,11,U$\omega$B97X-V-D3BJ/Dev2-QZVPP,-194.2282810450096,11279.860927581787
1-Propanol,12,U$\omega$B97X-V-D3BJ/Dev2-QZVPP,-194.2198996617144,16870.079093933105
1-Propanol,13,U$\omega$B97X-V-D3BJ/Dev2-QZVPP,-194.21350088636171,18003.488830566406
1-Propanol,14,U$\omega$B97X-V-D3BJ/Dev2-QZVPP,-194.3510854268997,11927.49263381958
1-Propanol,15,U$\omega$B97X-V-D3BJ/Dev2-QZVPP,-194.20456297616303,13329.190628051758
1-Propanol,16,U$\omega$B97X-V-D3BJ/Dev2-QZVPP,-194.20107412560208,21653.713214874264
1-Propanol,17,U$\omega$B97X-V-D3BJ/Dev2-QZVPP,-194.3541675584616,12832.25592803955
1-Propanol,18,U$\omega$B97X-V-D3BJ/Dev2-QZVPP,-194.19542522449808,11997.602848052979
1-Propanol,19,U$\omega$B97X-V-D3BJ/Dev2-QZVPP,-194.19286133877856,14035.522312164307
1-Propanol,0,UCCSD(T)/aug-cc-pVDZ,-193.882800259199,13683.117740631104
1-Propanol,1,UCCSD(T)/aug-cc-pVDZ,-193.8826472046233,13679.20500946045
1-Propanol,2,UCCSD(T)/aug-cc-pVDZ,-193.8814650447615,13667.199214935303
1-Propanol,3,UCCSD(T)/aug-cc-pVDZ,-193.87242464211005,12271.480545043945
1-Propanol,4,UCCSD(T)/aug-cc-pVDZ,-193.8481993068952,15510.135437011719
1-Propanol,5,UCCSD(T)/aug-cc-pVDZ,-193.76861754343696,14230.784103393555
1-Propanol,6,UCCSD(T)/aug-cc-pVDZ,-193.7350587888588,15826.368450164795
1-Propanol,7,UCCSD(T)/aug-cc-pVDZ,-193.7170553652876,18288.560802459717
1-Propanol,8,UCCSD(T)/aug-cc-pVDZ,-193.71200377032508,16347.908504486084
1-Propanol,9,UCCSD(T)/aug-cc-pVDZ,-193.7161319837177,18468.51714706421
1-Propanol,10,UCCSD(T)/aug-cc-pVDZ,-193.72202995869503,19045.662349700928
1-Propanol,11,UCCSD(T)/aug-cc-pVDZ,-193.7271285222514,21599.598461151123
1-Propanol,12,UCCSD(T)/aug-cc-pVDZ,-193.7308848042728,20198.270267486572
1-Propanol,13,UCCSD(T)/aug-cc-pVDZ,-193.73360635082724,24793.333152770996
1-Propanol,14,UCCSD(T)/aug-cc-pVDZ,-193.73553949790863,24098.795036315918
1-Propanol,15,UCCSD(T)/aug-cc-pVDZ,-193.73704993540488,25326.59645843506
1-Propanol,16,UCCSD(T)/aug-cc-pVDZ,-193.7379838769457,17226.978649139404
1-Propanol,17,UCCSD(T)/aug-cc-pVDZ,-193.7369180803836,15560.933708190918
1-Propanol,18,UCCSD(T)/aug-cc-pVDZ,-193.7375066966803,24090.475315093994
1-Propanol,19,UCCSD(T)/aug-cc-pVDZ,-193.73804176722143,22093.65018081665
1-Propanol,0,UCCSD(T)/aug-cc-pVTZ,-194.1262093295241,303357.9902076721
1-Propanol,1,UCCSD(T)/aug-cc-pVTZ,-194.12589324228256,273776.25565338135
1-Propanol,2,UCCSD(T)/aug-cc-pVTZ,-194.12454526692167,272185.0867881775
1-Propanol,3,UCCSD(T)/aug-cc-pVTZ,-194.11445587465587,303770.1135559082
1-Propanol,4,UCCSD(T)/aug-cc-pVTZ,-194.08828080829585,283486.46772766113
1-Propanol,5,UCCSD(T)/aug-cc-pVTZ,-194.0058484980112,326901.63428115845
1-Propanol,6,UCCSD(T)/aug-cc-pVTZ,-193.9716538278152,347241.3787956238
1-Propanol,7,UCCSD(T)/aug-cc-pVTZ,-193.9530856504174,388951.1028366089
1-Propanol,8,UCCSD(T)/aug-cc-pVTZ,-193.9481280083725,338756.28116607666
1-Propanol,9,UCCSD(T)/aug-cc-pVTZ,-193.9525599804844,386009.7757034302
1-Propanol,10,UCCSD(T)/aug-cc-pVTZ,-193.95889124040107,379574.60400009155
1-Propanol,11,UCCSD(T)/aug-cc-pVTZ,-193.9643798675554,431691.83168029785
1-Propanol,12,UCCSD(T)/aug-cc-pVTZ,-193.968463529651,445097.9730758667
1-Propanol,13,UCCSD(T)/aug-cc-pVTZ,-193.97132681393185,522723.2766075134
1-Propanol,14,UCCSD(T)/aug-cc-pVTZ,-193.97355995879028,439044.7582168579
1-Propanol,15,UCCSD(T)/aug-cc-pVTZ,-193.9751789130981,495800.1095352173
1-Propanol,16,UCCSD(T)/aug-cc-pVTZ,-193.97630504374249,466572.42332839966
1-Propanol,17,UCCSD(T)/aug-cc-pVTZ,-193.97596486448904,430506.72287368774
1-Propanol,18,UCCSD(T)/aug-cc-pVTZ,-193.9767413253208,426414.0242843628
1-Propanol,19,UCCSD(T)/aug-cc-pVTZ,-193.8828238643316,3336170.4471702576
1-Propanol,0,UCCSD(T)/CBS,-194.256024609492,317041.1079483032
1-Propanol,1,UCCSD(T)/CBS,-194.25562338190468,287455.4606628418
1-Propanol,2,UCCSD(T)/CBS,-194.25418163849895,285852.2860031128
1-Propanol,3,UCCSD(T)/CBS,-194.24352874105497,316041.59410095215
1-Propanol,4,UCCSD(T)/CBS,-194.2163451883273,298996.60316467285
1-Propanol,5,UCCSD(T)/CBS,-194.13247842677572,341132.418384552
1-Propanol,6,UCCSD(T)/CBS,-194.09799635251463,363067.7472457886
1-Propanol,7,UCCSD(T)/CBS,-194.07912944431405,407239.6636390686
1-Propanol,8,UCCSD(T)/CBS,-194.0741526890599,355104.18967056274
1-Propanol,9,UCCSD(T)/CBS,-194.07871097352972,404478.2928504944
1-Propanol,10,UCCSD(T)/CBS,-194.0852580348655,398620.2663497925
1-Propanol,11,UCCSD(T)/CBS,-194.0909586123108,453291.430141449
1-Propanol,12,UCCSD(T)/CBS,-194.09522157672072,465296.2433433533
1-Propanol,13,UCCSD(T)/CBS,-194.09817149440255,547516.6097602844
1-Propanol,14,UCCSD(T)/CBS,-194.10056187390663,463143.5532531738
1-Propanol,15,UCCSD(T)/CBS,-194.1022444159461,521126.70599365234
1-Propanol,16,UCCSD(T)/CBS,-194.10348686502985,483799.40197753906
1-Propanol,17,UCCSD(T)/CBS,-194.10366746723025,446067.65658187866
1-Propanol,18,UCCSD(T)/CBS,-194.1045421089663,450504.4995994568
1-Propanol,19,UCCSD(T)/CBS,-193.95543489306863,3358264.097351074
1-Propanol,0,"NEVPT2(10,10)/aug-cc-pVDZ",-193.80092980588225,35886.77336883545
1-Propanol,1,"NEVPT2(10,10)/aug-cc-pVDZ",-193.79024702480507,24823.118114471436
1-Propanol,2,"NEVPT2(10,10)/aug-cc-pVDZ",-193.8027796152984,38091.20297241211
1-Propanol,3,"NEVPT2(10,10)/aug-cc-pVDZ",-193.79358392052845,35833.78034210205
1-Propanol,4,"NEVPT2(10,10)/aug-cc-pVDZ",-193.76939331180736,22501.597953796387
1-Propanol,5,"NEVPT2(10,10)/aug-cc-pVDZ",-193.69035440821585,28863.639518737793
1-Propanol,6,"NEVPT2(10,10)/aug-cc-pVDZ",-193.64515235600257,39713.7434463501
1-Propanol,7,"NEVPT2(10,10)/aug-cc-pVDZ",-193.6223785878101,44289.611991882324
1-Propanol,8,"NEVPT2(10,10)/aug-cc-pVDZ",-193.5771704939573,18844.388889312744
1-Propanol,9,"NEVPT2(10,10)/aug-cc-pVDZ",-193.6195862464105,31265.48822402954
1-Propanol,10,"NEVPT2(10,10)/aug-cc-pVDZ",-193.6143972856569,36210.90252685547
1-Propanol,11,"NEVPT2(10,10)/aug-cc-pVDZ",-193.6190574871273,44906.904499053955
1-Propanol,12,"NEVPT2(10,10)/aug-cc-pVDZ",-193.61907562378784,46692.83162307739
1-Propanol,13,"NEVPT2(10,10)/aug-cc-pVDZ",-193.61905311225743,32618.81739425659
1-Propanol,14,"NEVPT2(10,10)/aug-cc-pVDZ",-193.6187393451374,16341.229373931885
1-Propanol,15,"NEVPT2(10,10)/aug-cc-pVDZ",-193.61808852250465,18712.410289764404
1-Propanol,16,"NEVPT2(10,10)/aug-cc-pVDZ",-193.61356335452564,34062.982109069824
1-Propanol,17,"NEVPT2(10,10)/aug-cc-pVDZ",-193.6246126597218,23257.977142333984
1-Propanol,18,"NEVPT2(10,10)/aug-cc-pVDZ",-193.6244754361204,26619.253799438477
1-Propanol,19,"NEVPT2(10,10)/aug-cc-pVDZ",-193.62435615288044,15032.572799682617
1-Propanol,0,"NEVPT2(10,10)/aug-cc-pVTZ",-194.0367403998612,162854.0920639038
1-Propanol,1,"NEVPT2(10,10)/aug-cc-pVTZ",-194.0380642586384,109576.88706207275
1-Propanol,2,"NEVPT2(10,10)/aug-cc-pVTZ",-194.03668211529265,150362.36850357056
1-Propanol,3,"NEVPT2(10,10)/aug-cc-pVTZ",-194.0274193306607,130373.83311462402
1-Propanol,4,"NEVPT2(10,10)/aug-cc-pVTZ",-194.0019805035972,156926.66829681396
1-Propanol,5,"NEVPT2(10,10)/aug-cc-pVTZ",-193.91001583226247,246720.35174179077
1-Propanol,6,"NEVPT2(10,10)/aug-cc-pVTZ",-193.8762533685364,283083.95989990234
1-Propanol,7,"NEVPT2(10,10)/aug-cc-pVTZ",-193.8595585632904,89463.25805282593
1-Propanol,8,"NEVPT2(10,10)/aug-cc-pVTZ",-193.8169580187693,231727.67541503906
1-Propanol,9,"NEVPT2(10,10)/aug-cc-pVTZ",-193.85148171989792,108416.09117507935
1-Propanol,10,"NEVPT2(10,10)/aug-cc-pVTZ",-193.84900645658848,96258.83618927002
1-Propanol,11,"NEVPT2(10,10)/aug-cc-pVTZ",-193.8498957497146,224927.0800819397
1-Propanol,12,"NEVPT2(10,10)/aug-cc-pVTZ",-193.85120342163725,102757.39526748657
1-Propanol,13,"NEVPT2(10,10)/aug-cc-pVTZ",-193.84866198938207,330263.16508865356
1-Propanol,14,"NEVPT2(10,10)/aug-cc-pVTZ",-193.8487557763011,275160.4858818054
1-Propanol,15,"NEVPT2(10,10)/aug-cc-pVTZ",-193.8487153253108,271358.098487854
1-Propanol,16,"NEVPT2(10,10)/aug-cc-pVTZ",-193.84853618417483,81743.75777816772
1-Propanol,17,"NEVPT2(10,10)/aug-cc-pVTZ",-193.8009542449689,286047.36975860596
1-Propanol,18,"NEVPT2(10,10)/aug-cc-pVTZ",-193.8544068459313,132100.90606689453
1-Propanol,19,"NEVPT2(10,10)/aug-cc-pVTZ",-193.8479003080577,220861.87908172607
1-Propanol,0,"NEVPT2(10,10)/CBS",-194.1633152214885,198740.86543273926
1-Propanol,1,"NEVPT2(10,10)/CBS",-194.16502805322028,134400.0051765442
1-Propanol,2,"NEVPT2(10,10)/CBS",-194.1556877237887,188453.57147598267
1-Propanol,3,"NEVPT2(10,10)/CBS",-194.1465346192939,166207.61345672607
1-Propanol,4,"NEVPT2(10,10)/CBS",-194.12263665605303,179428.26625061035
1-Propanol,5,"NEVPT2(10,10)/CBS",-194.0053433074557,275583.99126052856
1-Propanol,6,"NEVPT2(10,10)/CBS",-193.9794084236296,322797.70334625244
1-Propanol,7,"NEVPT2(10,10)/CBS",-193.956161454633,133752.87004470825
1-Propanol,8,"NEVPT2(10,10)/CBS",-193.9158501595325,250572.0643043518
1-Propanol,9,"NEVPT2(10,10)/CBS",-193.9767296098317,139681.5793991089
1-Propanol,10,"NEVPT2(10,10)/CBS",-193.9708003175212,132469.7387161255
1-Propanol,11,"NEVPT2(10,10)/CBS",-193.96574143736035,269833.98458099365
1-Propanol,12,"NEVPT2(10,10)/CBS",-193.9765894816678,149450.22689056396
1-Propanol,13,"NEVPT2(10,10)/CBS",-193.96776654306123,362881.98248291016
1-Propanol,14,"NEVPT2(10,10)/CBS",-193.9680584144589,291501.7152557373
1-Propanol,15,"NEVPT2(10,10)/CBS",-193.96541003245085,290070.5087776184
1-Propanol,16,"NEVPT2(10,10)/CBS",-193.97026159470607,115806.73988723755
1-Propanol,17,"NEVPT2(10,10)/CBS",-193.89368387712773,309305.34690093994
1-Propanol,18,"NEVPT2(10,10)/CBS",-193.9736530074121,158720.159866333
1-Propanol,19,"NEVPT2(10,10)/CBS",-193.96639459802384,235894.4518814087
1-Propanol,0,"DF-MRAQCC(10,10)/aug-cc-pVDZ",-193.828518512163,127019.808
1-Propanol,1,"DF-MRAQCC(10,10)/aug-cc-pVDZ",-193.828321761519,152706.768
1-Propanol,2,"DF-MRAQCC(10,10)/aug-cc-pVDZ",-193.829465847412,115220.424
1-Propanol,3,"DF-MRAQCC(10,10)/aug-cc-pVDZ",-193.815443778651,169019.424
1-Propanol,4,"DF-MRAQCC(10,10)/aug-cc-pVDZ",-193.791408713747,122322.91199999998
1-Propanol,5,"DF-MRAQCC(10,10)/aug-cc-pVDZ",-193.714215966843,163398.096
1-Propanol,6,"DF-MRAQCC(10,10)/aug-cc-pVDZ",-193.681492169315,222199.224
1-Propanol,7,"DF-MRAQCC(10,10)/aug-cc-pVDZ",-193.665122393954,210788.27999999997
1-Propanol,8,"DF-MRAQCC(10,10)/aug-cc-pVDZ",-193.655174342925,263491.368
1-Propanol,9,"DF-MRAQCC(10,10)/aug-cc-pVDZ",-193.655123672533,193973.08800000002
1-Propanol,10,"DF-MRAQCC(10,10)/aug-cc-pVDZ",-193.654269965852,196788.12
1-Propanol,11,"DF-MRAQCC(10,10)/aug-cc-pVDZ",-193.656557424681,181733.448
1-Propanol,12,"DF-MRAQCC(10,10)/aug-cc-pVDZ",-193.65651098531,185628.984
1-Propanol,13,"DF-MRAQCC(10,10)/aug-cc-pVDZ",-193.655394424427,206695.05599999998
1-Propanol,14,"DF-MRAQCC(10,10)/aug-cc-pVDZ",-193.658646908385,215082.31200000003
1-Propanol,15,"DF-MRAQCC(10,10)/aug-cc-pVDZ",-193.659618934504,228307.80000000002
1-Propanol,16,"DF-MRAQCC(10,10)/aug-cc-pVDZ",-193.658807186269,414490.32
1-Propanol,17,"DF-MRAQCC(10,10)/aug-cc-pVDZ",-193.646124748111,241135.248
1-Propanol,18,"DF-MRAQCC(10,10)/aug-cc-pVDZ",-193.646145832992,243175.152
1-Propanol,19,"DF-MRAQCC(10,10)/aug-cc-pVDZ",-193.646228981113,243345.09600000002
1-Propanol,0,"DF-MRCISD+Q(10,10)/aug-cc-pVDZ",-193.822150260012,132408.864
1-Propanol,1,"DF-MRCISD+Q(10,10)/aug-cc-pVDZ",-193.822086902837,145323.24
1-Propanol,2,"DF-MRCISD+Q(10,10)/aug-cc-pVDZ",-193.822831190841,121720.56
1-Propanol,3,"DF-MRCISD+Q(10,10)/aug-cc-pVDZ",-193.809329972641,169050.504
1-Propanol,4,"DF-MRCISD+Q(10,10)/aug-cc-pVDZ",-193.785703352207,128894.568
1-Propanol,5,"DF-MRCISD+Q(10,10)/aug-cc-pVDZ",-193.708088943853,152408.256
1-Propanol,6,"DF-MRCISD+Q(10,10)/aug-cc-pVDZ",-193.675969249116,210068.376
1-Propanol,7,"DF-MRCISD+Q(10,10)/aug-cc-pVDZ",-193.658685391693,189555.648
1-Propanol,8,"DF-MRCISD+Q(10,10)/aug-cc-pVDZ",-193.649089019157,232158.14399999997
1-Propanol,9,"DF-MRCISD+Q(10,10)/aug-cc-pVDZ",-193.648209889234,168197.78399999999
1-Propanol,10,"DF-MRCISD+Q(10,10)/aug-cc-pVDZ",-193.647459543276,167653.34399999998
1-Propanol,11,"DF-MRCISD+Q(10,10)/aug-cc-pVDZ",-193.649137072905,161543.78399999999
1-Propanol,12,"DF-MRCISD+Q(10,10)/aug-cc-pVDZ",-193.649112765798,163473.096
1-Propanol,13,"DF-MRCISD+Q(10,10)/aug-cc-pVDZ",-193.648486989486,197890.91999999998
1-Propanol,14,"DF-MRCISD+Q(10,10)/aug-cc-pVDZ",-193.650084032176,188943.744
1-Propanol,15,"DF-MRCISD+Q(10,10)/aug-cc-pVDZ",-193.650745813294,212711.92799999999
1-Propanol,16,"DF-MRCISD+Q(10,10)/aug-cc-pVDZ",-193.649936243921,216424.87199999997
1-Propanol,17,"DF-MRCISD+Q(10,10)/aug-cc-pVDZ",-193.639297935975,239630.256
1-Propanol,18,"DF-MRCISD+Q(10,10)/aug-cc-pVDZ",-193.639293749001,248608.728
1-Propanol,19,"DF-MRCISD+Q(10,10)/aug-cc-pVDZ",-193.639319297187,243248.64
2-Aminopropan-2-ol,0,UM06-2X-D3/Dev2-QZVPP,-249.72275362695723,10610.170978546143
2-Aminopropan-2-ol,1,UM06-2X-D3/Dev2-QZVPP,-249.72082565339176,10488.448238372803
2-Aminopropan-2-ol,2,UM06-2X-D3/Dev2-QZVPP,-249.72236537458812,10474.502578735352
2-Aminopropan-2-ol,3,UM06-2X-D3/Dev2-QZVPP,-249.7267711738987,10500.985195159912
2-Aminopropan-2-ol,4,UM06-2X-D3/Dev2-QZVPP,-249.72787283490095,10650.340015411377
2-Aminopropan-2-ol,5,UM06-2X-D3/Dev2-QZVPP,-249.72465585441105,10589.659526824951
2-Aminopropan-2-ol,6,UM06-2X-D3/Dev2-QZVPP,-249.69585648102623,10674.006046295166
2-Aminopropan-2-ol,7,UM06-2X-D3/Dev2-QZVPP,-249.63370465670687,14381.354915618896
2-Aminopropan-2-ol,8,UM06-2X-D3/Dev2-QZVPP,-249.61037785074308,15802.966831207277
2-Aminopropan-2-ol,9,UM06-2X-D3/Dev2-QZVPP,-249.5922038881382,15184.693782806396
2-Aminopropan-2-ol,10,UM06-2X-D3/Dev2-QZVPP,-249.57746574388,14417.174560546873
2-Aminopropan-2-ol,11,UM06-2X-D3/Dev2-QZVPP,-249.56545211314003,18316.4009475708
2-Aminopropan-2-ol,12,UM06-2X-D3/Dev2-QZVPP,-249.55687122024253,18357.60454559326
2-Aminopropan-2-ol,13,UM06-2X-D3/Dev2-QZVPP,-249.5498079002184,22702.909046173096
2-Aminopropan-2-ol,14,UM06-2X-D3/Dev2-QZVPP,-249.54464247734012,37160.774532318115
2-Aminopropan-2-ol,15,UM06-2X-D3/Dev2-QZVPP,-249.53905529135952,29318.15497589111
2-Aminopropan-2-ol,16,UM06-2X-D3/Dev2-QZVPP,-249.53491104692205,113355.58085250854
2-Aminopropan-2-ol,17,UM06-2X-D3/Dev2-QZVPP,-249.56485945662408,38565.02333068848
2-Aminopropan-2-ol,18,UM06-2X-D3/Dev2-QZVPP,-249.5648655088115,58639.83918380737
2-Aminopropan-2-ol,19,UM06-2X-D3/Dev2-QZVPP,-249.5648321219452,52547.68013381959
2-Aminopropan-2-ol,0,UB3LYP-D3BJ/Dev2-QZVPP,-249.85652195416424,4458.84037399292
2-Aminopropan-2-ol,1,UB3LYP-D3BJ/Dev2-QZVPP,-249.85504634825216,4455.484928131104
2-Aminopropan-2-ol,2,UB3LYP-D3BJ/Dev2-QZVPP,-249.85640325064352,4484.526351928711
2-Aminopropan-2-ol,3,UB3LYP-D3BJ/Dev2-QZVPP,-249.86074210829287,4430.747314453125
2-Aminopropan-2-ol,4,UB3LYP-D3BJ/Dev2-QZVPP,-249.86153962175,4178.668231964111
2-Aminopropan-2-ol,5,UB3LYP-D3BJ/Dev2-QZVPP,-249.85935234715413,4184.974391937256
2-Aminopropan-2-ol,6,UB3LYP-D3BJ/Dev2-QZVPP,-249.83536795260252,4442.33948135376
2-Aminopropan-2-ol,7,UB3LYP-D3BJ/Dev2-QZVPP,-249.78573929321735,4910.593112945557
2-Aminopropan-2-ol,8,UB3LYP-D3BJ/Dev2-QZVPP,-249.76518710011197,5858.831768035889
2-Aminopropan-2-ol,9,UB3LYP-D3BJ/Dev2-QZVPP,-249.74906298265915,5929.79508972168
2-Aminopropan-2-ol,10,UB3LYP-D3BJ/Dev2-QZVPP,-249.7367054700053,13260.893634796143
2-Aminopropan-2-ol,11,UB3LYP-D3BJ/Dev2-QZVPP,-249.7384955888048,11497.605186462402
2-Aminopropan-2-ol,12,UB3LYP-D3BJ/Dev2-QZVPP,-249.73495939333296,13745.777542114258
2-Aminopropan-2-ol,13,UB3LYP-D3BJ/Dev2-QZVPP,-249.73240231752092,35375.12431716919
2-Aminopropan-2-ol,14,UB3LYP-D3BJ/Dev2-QZVPP,-249.73050717586327,37302.73889923096
2-Aminopropan-2-ol,15,UB3LYP-D3BJ/Dev2-QZVPP,-249.72906486104043,49434.65993118286
2-Aminopropan-2-ol,16,UB3LYP-D3BJ/Dev2-QZVPP,-249.72793414767887,62465.96223449707
2-Aminopropan-2-ol,17,UB3LYP-D3BJ/Dev2-QZVPP,-249.727022778971,17898.85873031616
2-Aminopropan-2-ol,18,UB3LYP-D3BJ/Dev2-QZVPP,-249.7262427680898,111182.45985412598
2-Aminopropan-2-ol,19,UB3LYP-D3BJ/Dev2-QZVPP,-249.72554530930256,123321.5025062561
2-Aminopropan-2-ol,0,U$\omega$B97X-V-D3BJ/Dev2-QZVPP,-249.9351061263465,10565.212818145752
2-Aminopropan-2-ol,1,U$\omega$B97X-V-D3BJ/Dev2-QZVPP,-249.9334081252129,10596.809898376465
2-Aminopropan-2-ol,2,U$\omega$B97X-V-D3BJ/Dev2-QZVPP,-249.9348770687901,10634.27827835083
2-Aminopropan-2-ol,3,U$\omega$B97X-V-D3BJ/Dev2-QZVPP,-249.9392736992591,10696.921474456787
2-Aminopropan-2-ol,4,U$\omega$B97X-V-D3BJ/Dev2-QZVPP,-249.940251039354,10689.453281402588
2-Aminopropan-2-ol,5,U$\omega$B97X-V-D3BJ/Dev2-QZVPP,-249.9373173557086,10533.530151367188
2-Aminopropan-2-ol,6,U$\omega$B97X-V-D3BJ/Dev2-QZVPP,-249.9095374248212,10412.99280166626
2-Aminopropan-2-ol,7,U$\omega$B97X-V-D3BJ/Dev2-QZVPP,-249.8503547704089,12769.948585510254
2-Aminopropan-2-ol,8,U$\omega$B97X-V-D3BJ/Dev2-QZVPP,-249.8273131563547,11909.938667297363
2-Aminopropan-2-ol,9,U$\omega$B97X-V-D3BJ/Dev2-QZVPP,-249.8090354070105,17510.967880249023
2-Aminopropan-2-ol,10,U$\omega$B97X-V-D3BJ/Dev2-QZVPP,-249.7941326126296,14303.037864685059
2-Aminopropan-2-ol,11,U$\omega$B97X-V-D3BJ/Dev2-QZVPP,-249.7816039237861,14674.995666503904
2-Aminopropan-2-ol,12,U$\omega$B97X-V-D3BJ/Dev2-QZVPP,-249.77223363771827,16018.155784606932
2-Aminopropan-2-ol,13,U$\omega$B97X-V-D3BJ/Dev2-QZVPP,-249.76414928158903,15161.925071716307
2-Aminopropan-2-ol,14,U$\omega$B97X-V-D3BJ/Dev2-QZVPP,-249.75709170359968,16113.398822784422
2-Aminopropan-2-ol,15,U$\omega$B97X-V-D3BJ/Dev2-QZVPP,-249.7470341186273,25354.196548461914
2-Aminopropan-2-ol,16,U$\omega$B97X-V-D3BJ/Dev2-QZVPP,-249.74100436971028,17162.869945526123
2-Aminopropan-2-ol,17,U$\omega$B97X-V-D3BJ/Dev2-QZVPP,-249.73560647381208,24889.972736358643
2-Aminopropan-2-ol,18,U$\omega$B97X-V-D3BJ/Dev2-QZVPP,-249.73078253140147,22443.530570983887
2-Aminopropan-2-ol,19,U$\omega$B97X-V-D3BJ/Dev2-QZVPP,-249.72640792421495,24909.433025360107
2-Aminopropan-2-ol,0,UCCSD(T)/aug-cc-pVDZ,-249.12597655434672,45473.930126190186
2-Aminopropan-2-ol,1,UCCSD(T)/aug-cc-pVDZ,-249.12361292851296,39492.36742019653
2-Aminopropan-2-ol,2,UCCSD(T)/aug-cc-pVDZ,-249.12474513179043,46944.87897872925
2-Aminopropan-2-ol,3,UCCSD(T)/aug-cc-pVDZ,-249.13007839996928,39301.01322555542
2-Aminopropan-2-ol,4,UCCSD(T)/aug-cc-pVDZ,-249.1309562813624,38912.29853057861
2-Aminopropan-2-ol,5,UCCSD(T)/aug-cc-pVDZ,-249.1285732421984,37745.19490432739
2-Aminopropan-2-ol,6,UCCSD(T)/aug-cc-pVDZ,-249.1031435497697,44699.94650268555
2-Aminopropan-2-ol,7,UCCSD(T)/aug-cc-pVDZ,-249.04586502718348,45395.98648071289
2-Aminopropan-2-ol,8,UCCSD(T)/aug-cc-pVDZ,-249.02229449203583,53456.15929412842
2-Aminopropan-2-ol,9,UCCSD(T)/aug-cc-pVDZ,-249.0035942047559,51136.25011062622
2-Aminopropan-2-ol,10,UCCSD(T)/aug-cc-pVDZ,-248.98870363657164,56566.142124176025
2-Aminopropan-2-ol,11,UCCSD(T)/aug-cc-pVDZ,-248.97646677543892,64557.37967681885
2-Aminopropan-2-ol,12,UCCSD(T)/aug-cc-pVDZ,-248.96750530739533,66830.17911529541
2-Aminopropan-2-ol,13,UCCSD(T)/aug-cc-pVDZ,-248.96025194482405,76545.41247940063
2-Aminopropan-2-ol,14,UCCSD(T)/aug-cc-pVDZ,-248.96769600884005,197211.8945274353
2-Aminopropan-2-ol,15,UCCSD(T)/aug-cc-pVDZ,-248.9450943483513,329060.3606262207
2-Aminopropan-2-ol,16,UCCSD(T)/aug-cc-pVDZ,-248.9392998697432,167009.9158782959
2-Aminopropan-2-ol,17,UCCSD(T)/aug-cc-pVDZ,-248.9341618153854,150622.94702911377
2-Aminopropan-2-ol,18,UCCSD(T)/aug-cc-pVDZ,-248.929514458938,119516.41660690308
2-Aminopropan-2-ol,19,UCCSD(T)/aug-cc-pVDZ,-248.92523452718603,280946.33922576904
2-Aminopropan-2-ol,0,UCCSD(T)/aug-cc-pVTZ,-249.4323250741812,913038.7984428406
2-Aminopropan-2-ol,1,UCCSD(T)/aug-cc-pVTZ,-249.43016197435296,1045763.4699516296
2-Aminopropan-2-ol,2,UCCSD(T)/aug-cc-pVTZ,-249.43152229001456,909615.4318733215
2-Aminopropan-2-ol,3,UCCSD(T)/aug-cc-pVTZ,-249.43622212636177,1000857.0585708618
2-Aminopropan-2-ol,4,UCCSD(T)/aug-cc-pVTZ,-249.43748346375355,998176.1966934204
2-Aminopropan-2-ol,5,UCCSD(T)/aug-cc-pVTZ,-249.4338095260755,1003682.937461853
2-Aminopropan-2-ol,6,UCCSD(T)/aug-cc-pVTZ,-249.4059477449487,1031277.77318573
2-Aminopropan-2-ol,7,UCCSD(T)/aug-cc-pVTZ,-249.34701038071623,1043821.0321922302
2-Aminopropan-2-ol,8,UCCSD(T)/aug-cc-pVTZ,-249.3231128761368,1196793.4706687927
2-Aminopropan-2-ol,9,UCCSD(T)/aug-cc-pVTZ,-249.3045789402173,1147434.231464386
2-Aminopropan-2-ol,10,UCCSD(T)/aug-cc-pVTZ,-249.2897656478972,1230452.725177765
2-Aminopropan-2-ol,11,UCCSD(T)/aug-cc-pVTZ,-249.27738767684136,1565748.1968841553
2-Aminopropan-2-ol,12,UCCSD(T)/aug-cc-pVTZ,-249.2682892019874,1386463.353427887
2-Aminopropan-2-ol,13,UCCSD(T)/aug-cc-pVTZ,-249.2609197584377,1816508.097644806
2-Aminopropan-2-ol,14,UCCSD(T)/aug-cc-pVTZ,-249.26550420027263,2766383.516670227
2-Aminopropan-2-ol,15,UCCSD(T)/aug-cc-pVTZ,-249.2458420992833,5965056.451698303
2-Aminopropan-2-ol,16,UCCSD(T)/aug-cc-pVTZ,-249.2399629135656,3684473.760723114
2-Aminopropan-2-ol,17,UCCSD(T)/aug-cc-pVTZ,-249.2348402968316,3091651.672985077
2-Aminopropan-2-ol,18,UCCSD(T)/aug-cc-pVTZ,-249.23018810736093,2558237.808506012
2-Aminopropan-2-ol,19,UCCSD(T)/aug-cc-pVTZ,-249.22590227764732,3267456.192085266
2-Aminopropan-2-ol,0,UCCSD(T)/CBS,-249.596121752675,958512.7285690308
2-Aminopropan-2-ol,1,UCCSD(T)/CBS,-249.5939763622502,1085255.8373718262
2-Aminopropan-2-ol,2,UCCSD(T)/CBS,-249.59546576615887,956560.3108520508
2-Aminopropan-2-ol,3,UCCSD(T)/CBS,-249.59990872240087,1040158.0717964172
2-Aminopropan-2-ol,4,UCCSD(T)/CBS,-249.6013829000429,1037088.495223999
2-Aminopropan-2-ol,5,UCCSD(T)/CBS,-249.5969977629857,1041428.1323661804
2-Aminopropan-2-ol,6,UCCSD(T)/CBS,-249.5678430327334,1075977.7196884155
2-Aminopropan-2-ol,7,UCCSD(T)/CBS,-249.50792939056285,1089217.018672943
2-Aminopropan-2-ol,8,UCCSD(T)/CBS,-249.48379979548827,1250249.6299629211
2-Aminopropan-2-ol,9,UCCSD(T)/CBS,-249.46530726391885,1198570.4815750122
2-Aminopropan-2-ol,10,UCCSD(T)/CBS,-249.45051705771755,1287018.867301941
2-Aminopropan-2-ol,11,UCCSD(T)/CBS,-249.43805378198272,1630305.5765609741
2-Aminopropan-2-ol,12,UCCSD(T)/CBS,-249.42887805287447,1453293.5325431824
2-Aminopropan-2-ol,13,UCCSD(T)/CBS,-249.4214447428852,1893053.5101242065
2-Aminopropan-2-ol,14,UCCSD(T)/CBS,-249.4243646663564,2963595.4111976624
2-Aminopropan-2-ol,15,UCCSD(T)/CBS,-249.40642513200115,6294116.812324524
2-Aminopropan-2-ol,16,UCCSD(T)/CBS,-249.40049835464637,3851483.67660141
2-Aminopropan-2-ol,17,UCCSD(T)/CBS,-249.39538473801565,3242274.6200141907
2-Aminopropan-2-ol,18,UCCSD(T)/CBS,-249.3907307874824,2677754.225112915
2-Aminopropan-2-ol,19,UCCSD(T)/CBS,-249.38644335366777,3548402.531311035
2-Aminopropan-2-ol,0,"NEVPT2(10,10)/aug-cc-pVDZ",-249.01235857857048,53551.95372390747
2-Aminopropan-2-ol,1,"NEVPT2(10,10)/aug-cc-pVDZ",-249.01091996354185,33237.27352523804
2-Aminopropan-2-ol,2,"NEVPT2(10,10)/aug-cc-pVDZ",-249.01385278336363,29024.06446838379
2-Aminopropan-2-ol,3,"NEVPT2(10,10)/aug-cc-pVDZ",-249.01888696843417,53799.58480834961
2-Aminopropan-2-ol,4,"NEVPT2(10,10)/aug-cc-pVDZ",-249.03204215334137,30509.667972564697
2-Aminopropan-2-ol,5,"NEVPT2(10,10)/aug-cc-pVDZ",-249.0151716053801,51009.08385848999
2-Aminopropan-2-ol,6,"NEVPT2(10,10)/aug-cc-pVDZ",-249.01226721073257,37054.52891540527
2-Aminopropan-2-ol,7,"NEVPT2(10,10)/aug-cc-pVDZ",-248.93688273925792,41895.48773574829
2-Aminopropan-2-ol,8,"NEVPT2(10,10)/aug-cc-pVDZ",-248.93290184108645,61785.93288040161
2-Aminopropan-2-ol,9,"NEVPT2(10,10)/aug-cc-pVDZ",-248.8927700044676,40673.2700920105
2-Aminopropan-2-ol,10,"NEVPT2(10,10)/aug-cc-pVDZ",-248.90345151150947,30031.711986541748
2-Aminopropan-2-ol,11,"NEVPT2(10,10)/aug-cc-pVDZ",-248.87985995003703,24636.683681488037
2-Aminopropan-2-ol,12,"NEVPT2(10,10)/aug-cc-pVDZ",-248.88368209326657,31333.79584503174
2-Aminopropan-2-ol,13,"NEVPT2(10,10)/aug-cc-pVDZ",-248.85197455656944,21574.503314971924
2-Aminopropan-2-ol,14,"NEVPT2(10,10)/aug-cc-pVDZ",-248.85480473099423,40892.808643341064
2-Aminopropan-2-ol,15,"NEVPT2(10,10)/aug-cc-pVDZ",-248.8507741746366,32615.49672317505
2-Aminopropan-2-ol,16,"NEVPT2(10,10)/aug-cc-pVDZ",-248.8435540448934,10367.60472869873
2-Aminopropan-2-ol,17,"NEVPT2(10,10)/aug-cc-pVDZ",-248.8379623475761,13807.50798034668
2-Aminopropan-2-ol,18,"NEVPT2(10,10)/aug-cc-pVDZ",-248.82340807938976,43737.98966598511
2-Aminopropan-2-ol,19,"NEVPT2(10,10)/aug-cc-pVDZ",-248.8337554438306,29162.522468566895
2-Aminopropan-2-ol,0,"NEVPT2(10,10)/aug-cc-pVTZ",-249.26885950805243,1005186.5225982666
2-Aminopropan-2-ol,1,"NEVPT2(10,10)/aug-cc-pVTZ",-249.30609614858605,287060.542388916
2-Aminopropan-2-ol,2,"NEVPT2(10,10)/aug-cc-pVTZ",-249.3294985993889,494406.34216690063
2-Aminopropan-2-ol,3,"NEVPT2(10,10)/aug-cc-pVTZ",-249.3132432177594,468813.9002342224
2-Aminopropan-2-ol,4,"NEVPT2(10,10)/aug-cc-pVTZ",-249.3392140617929,200813.38186645508
2-Aminopropan-2-ol,5,"NEVPT2(10,10)/aug-cc-pVTZ",-249.28755359984564,630153.9495887756
2-Aminopropan-2-ol,6,"NEVPT2(10,10)/aug-cc-pVTZ",-249.27064449646204,1041193.0408477783
2-Aminopropan-2-ol,7,"NEVPT2(10,10)/aug-cc-pVTZ",-249.2106848290769,639477.0611343384
2-Aminopropan-2-ol,8,"NEVPT2(10,10)/aug-cc-pVTZ",-249.20658652020248,733632.3083305359
2-Aminopropan-2-ol,9,"NEVPT2(10,10)/aug-cc-pVTZ",-249.19652332541563,661238.5822906494
2-Aminopropan-2-ol,10,"NEVPT2(10,10)/aug-cc-pVTZ",-249.1804083296973,115349.68068695068
2-Aminopropan-2-ol,11,"NEVPT2(10,10)/aug-cc-pVTZ",-249.1386925893164,631573.986240387
2-Aminopropan-2-ol,12,"NEVPT2(10,10)/aug-cc-pVTZ",-249.16356156040715,352237.254196167
2-Aminopropan-2-ol,13,"NEVPT2(10,10)/aug-cc-pVTZ",-249.1309184870832,597273.6997909546
2-Aminopropan-2-ol,14,"NEVPT2(10,10)/aug-cc-pVTZ",-249.13067632485985,1124406.8917655945
2-Aminopropan-2-ol,15,"NEVPT2(10,10)/aug-cc-pVTZ",-249.14285353434667,407463.7807197571
2-Aminopropan-2-ol,16,"NEVPT2(10,10)/aug-cc-pVTZ",-249.1285610846421,870278.2914123535
2-Aminopropan-2-ol,17,"NEVPT2(10,10)/aug-cc-pVTZ",-249.12824026304787,479478.36876678467
2-Aminopropan-2-ol,18,"NEVPT2(10,10)/aug-cc-pVTZ",-249.1105959818536,398623.70136260986
2-Aminopropan-2-ol,19,"NEVPT2(10,10)/aug-cc-pVTZ",-249.1316368185112,637069.4669723511
2-Aminopropan-2-ol,0,"NEVPT2(10,10)/CBS",-249.4004250273635,1058738.476322174
2-Aminopropan-2-ol,1,"NEVPT2(10,10)/CBS",-249.4594286279452,320297.81591415405
2-Aminopropan-2-ol,2,"NEVPT2(10,10)/CBS",-249.49239250800895,523430.4066352844
2-Aminopropan-2-ol,3,"NEVPT2(10,10)/CBS",-249.46620844001276,522613.485042572
2-Aminopropan-2-ol,4,"NEVPT2(10,10)/CBS",-249.4999744604724,231323.04983901978
2-Aminopropan-2-ol,5,"NEVPT2(10,10)/CBS",-249.43229529961664,681163.0334472656
2-Aminopropan-2-ol,6,"NEVPT2(10,10)/CBS",-249.41154547185687,1078247.5697631836
2-Aminopropan-2-ol,7,"NEVPT2(10,10)/CBS",-249.36201354948005,681372.5488700867
2-Aminopropan-2-ol,8,"NEVPT2(10,10)/CBS",-249.3503149256782,795418.2412109375
2-Aminopropan-2-ol,9,"NEVPT2(10,10)/CBS",-249.34617496204615,701911.8523826599
2-Aminopropan-2-ol,10,"NEVPT2(10,10)/CBS",-249.3152294856449,145381.39267349243
2-Aminopropan-2-ol,11,"NEVPT2(10,10)/CBS",-249.2772699424056,656210.669921875
2-Aminopropan-2-ol,12,"NEVPT2(10,10)/CBS",-249.302414930307,383571.05004119873
2-Aminopropan-2-ol,13,"NEVPT2(10,10)/CBS",-249.2755435319248,618848.2031059265
2-Aminopropan-2-ol,14,"NEVPT2(10,10)/CBS",-249.27443317033607,1165299.7004089355
2-Aminopropan-2-ol,15,"NEVPT2(10,10)/CBS",-249.29088227139783,440079.2774429321
2-Aminopropan-2-ol,16,"NEVPT2(10,10)/CBS",-249.29181604516816,880645.8961410522
2-Aminopropan-2-ol,17,"NEVPT2(10,10)/CBS",-249.27199585296577,493285.87674713135
2-Aminopropan-2-ol,18,"NEVPT2(10,10)/CBS",-249.2596071128788,442361.69102859497
2-Aminopropan-2-ol,19,"NEVPT2(10,10)/CBS",-249.28524773700795,666231.989440918
2-Aminopropan-2-ol,0,"DF-MRAQCC(10,10)/aug-cc-pVDZ",-249.048860349931,434802.28799999994
2-Aminopropan-2-ol,1,"DF-MRAQCC(10,10)/aug-cc-pVDZ",-249.047749544355,429524.85599999997
2-Aminopropan-2-ol,2,"DF-MRAQCC(10,10)/aug-cc-pVDZ",-249.046058483408,348404.064
2-Aminopropan-2-ol,3,"DF-MRAQCC(10,10)/aug-cc-pVDZ",-249.057189816155,340250.856
2-Aminopropan-2-ol,4,"DF-MRAQCC(10,10)/aug-cc-pVDZ",-249.059394885727,327834.672
2-Aminopropan-2-ol,5,"DF-MRAQCC(10,10)/aug-cc-pVDZ",-249.049303109229,437870.496
2-Aminopropan-2-ol,6,"DF-MRAQCC(10,10)/aug-cc-pVDZ",-249.027548548782,358793.808
2-Aminopropan-2-ol,7,"DF-MRAQCC(10,10)/aug-cc-pVDZ",-248.961417818872,431722.46400000004
2-Aminopropan-2-ol,8,"DF-MRAQCC(10,10)/aug-cc-pVDZ",-248.94856468448,444780.456
2-Aminopropan-2-ol,9,"DF-MRAQCC(10,10)/aug-cc-pVDZ",-248.935555426586,262157.88
2-Aminopropan-2-ol,10,"DF-MRAQCC(10,10)/aug-cc-pVDZ",-248.910547818659,508595.83199999994
2-Aminopropan-2-ol,11,"DF-MRAQCC(10,10)/aug-cc-pVDZ",-248.902159171369,543408.672
2-Aminopropan-2-ol,12,"DF-MRAQCC(10,10)/aug-cc-pVDZ",-248.902381454802,445634.47199999995
2-Aminopropan-2-ol,13,"DF-MRAQCC(10,10)/aug-cc-pVDZ",-248.902640364605,440239.80000000005
2-Aminopropan-2-ol,14,"DF-MRAQCC(10,10)/aug-cc-pVDZ",-248.903012226264,476635.34400000004
2-Aminopropan-2-ol,15,"DF-MRAQCC(10,10)/aug-cc-pVDZ",-248.906275826983,436124.688
2-Aminopropan-2-ol,16,"DF-MRAQCC(10,10)/aug-cc-pVDZ",-248.903805573167,586669.368
2-Aminopropan-2-ol,17,"DF-MRAQCC(10,10)/aug-cc-pVDZ",-248.906668356682,386349.07200000004
2-Aminopropan-2-ol,18,"DF-MRAQCC(10,10)/aug-cc-pVDZ",-248.905552348524,468886.248
2-Aminopropan-2-ol,19,"DF-MRAQCC(10,10)/aug-cc-pVDZ",-248.912732433075,422307.12
2-Aminopropan-2-ol,0,"DF-MRCISD+Q(10,10)/aug-cc-pVDZ",-249.029898179612,431286.0
2-Aminopropan-2-ol,1,"DF-MRCISD+Q(10,10)/aug-cc-pVDZ",-249.028448300886,380706.07200000004
2-Aminopropan-2-ol,2,"DF-MRCISD+Q(10,10)/aug-cc-pVDZ",-249.028678790585,315139.704
2-Aminopropan-2-ol,3,"DF-MRCISD+Q(10,10)/aug-cc-pVDZ",-249.037316512993,329637.12
2-Aminopropan-2-ol,4,"DF-MRCISD+Q(10,10)/aug-cc-pVDZ",-249.038394287647,444369.67199999996
2-Aminopropan-2-ol,5,"DF-MRCISD+Q(10,10)/aug-cc-pVDZ",-249.033344316686,429187.176
2-Aminopropan-2-ol,6,"DF-MRCISD+Q(10,10)/aug-cc-pVDZ",-249.010935551379,344786.11199999996
2-Aminopropan-2-ol,7,"DF-MRCISD+Q(10,10)/aug-cc-pVDZ",-248.945814204696,422338.87200000003
2-Aminopropan-2-ol,8,"DF-MRCISD+Q(10,10)/aug-cc-pVDZ",-248.926689051737,443366.47199999995
2-Aminopropan-2-ol,9,"DF-MRCISD+Q(10,10)/aug-cc-pVDZ",-248.914652848937,247951.152
2-Aminopropan-2-ol,10,"DF-MRCISD+Q(10,10)/aug-cc-pVDZ",-248.889031722284,543308.904
2-Aminopropan-2-ol,11,"DF-MRCISD+Q(10,10)/aug-cc-pVDZ",-248.882408428743,429061.32
2-Aminopropan-2-ol,12,"DF-MRCISD+Q(10,10)/aug-cc-pVDZ",-248.882609805871,397169.71200000006
2-Aminopropan-2-ol,13,"DF-MRCISD+Q(10,10)/aug-cc-pVDZ",-248.882848475998,395867.71200000006
2-Aminopropan-2-ol,14,"DF-MRCISD+Q(10,10)/aug-cc-pVDZ",-248.883104562264,384889.58400000003
2-Aminopropan-2-ol,15,"DF-MRCISD+Q(10,10)/aug-cc-pVDZ",-248.885012695591,364830.168
2-Aminopropan-2-ol,16,"DF-MRCISD+Q(10,10)/aug-cc-pVDZ",-248.883813037838,498637.968
2-Aminopropan-2-ol,17,"DF-MRCISD+Q(10,10)/aug-cc-pVDZ",-248.88528835374,357333.52800000005
2-Aminopropan-2-ol,18,"DF-MRCISD+Q(10,10)/aug-cc-pVDZ",-248.884664737827,468108.576
2-Aminopropan-2-ol,19,"DF-MRCISD+Q(10,10)/aug-cc-pVDZ",-248.887580718663,314447.184
L-Alanine,0,UM06-2X-D3/Dev2-QZVPP,-323.77491632321625,11940.391860961914
L-Alanine,1,UM06-2X-D3/Dev2-QZVPP,-323.781894277284,12040.9621925354
L-Alanine,2,UM06-2X-D3/Dev2-QZVPP,-323.77681474370644,11380.230766296387
L-Alanine,3,UM06-2X-D3/Dev2-QZVPP,-323.771442602552,11397.384216308594
L-Alanine,4,UM06-2X-D3/Dev2-QZVPP,-323.7773389132892,11571.732971191406
L-Alanine,5,UM06-2X-D3/Dev2-QZVPP,-323.78333162229893,11474.669357299805
L-Alanine,6,UM06-2X-D3/Dev2-QZVPP,-323.7648603193513,12053.405410766602
L-Alanine,7,UM06-2X-D3/Dev2-QZVPP,-323.7738281936208,12101.644706726074
L-Alanine,8,UM06-2X-D3/Dev2-QZVPP,-323.7804248164816,12015.275272369385
L-Alanine,9,UM06-2X-D3/Dev2-QZVPP,-323.7787584747404,12145.766757965088
L-Alanine,10,UM06-2X-D3/Dev2-QZVPP,-323.77559005412775,11989.45389175415
L-Alanine,11,UM06-2X-D3/Dev2-QZVPP,-323.7803171061232,12052.389533996582
L-Alanine,12,UM06-2X-D3/Dev2-QZVPP,-323.77514328166416,11965.37578201294
L-Alanine,13,UM06-2X-D3/Dev2-QZVPP,-323.77770081414525,11889.626358032227
L-Alanine,14,UM06-2X-D3/Dev2-QZVPP,-323.6768109453102,13775.807209014893
L-Alanine,15,UM06-2X-D3/Dev2-QZVPP,-323.5617291204506,18895.97522354126
L-Alanine,16,UM06-2X-D3/Dev2-QZVPP,-323.43238640139896,19559.171756744385
L-Alanine,17,UM06-2X-D3/Dev2-QZVPP,-323.526271953854,25162.16352081299
L-Alanine,18,UM06-2X-D3/Dev2-QZVPP,-323.5612232804994,23022.347885131832
L-Alanine,19,UM06-2X-D3/Dev2-QZVPP,-323.62275371024384,11163.183498382568
L-Alanine,0,UB3LYP-D3BJ/Dev2-QZVPP,-323.9283410946415,4926.905418395996
L-Alanine,1,UB3LYP-D3BJ/Dev2-QZVPP,-323.9395649988242,4389.851150512695
L-Alanine,2,UB3LYP-D3BJ/Dev2-QZVPP,-323.9348864136773,4626.084987640381
L-Alanine,3,UB3LYP-D3BJ/Dev2-QZVPP,-323.929285761391,4886.083240509033
L-Alanine,4,UB3LYP-D3BJ/Dev2-QZVPP,-323.93521514071847,4621.126483917236
L-Alanine,5,UB3LYP-D3BJ/Dev2-QZVPP,-323.94136538843827,4682.816162109375
L-Alanine,6,UB3LYP-D3BJ/Dev2-QZVPP,-323.9234981254705,4633.162929534912
L-Alanine,7,UB3LYP-D3BJ/Dev2-QZVPP,-323.92593662310065,4901.478141784668
L-Alanine,8,UB3LYP-D3BJ/Dev2-QZVPP,-323.9329996224693,4898.545448303223
L-Alanine,9,UB3LYP-D3BJ/Dev2-QZVPP,-323.93163484431363,4878.224906921387
L-Alanine,10,UB3LYP-D3BJ/Dev2-QZVPP,-323.92853964679,4928.454624176025
L-Alanine,11,UB3LYP-D3BJ/Dev2-QZVPP,-323.9326557628564,4909.564605712891
L-Alanine,12,UB3LYP-D3BJ/Dev2-QZVPP,-323.9278698588824,4894.515998840332
L-Alanine,13,UB3LYP-D3BJ/Dev2-QZVPP,-323.93065453725524,4890.70626449585
L-Alanine,14,UB3LYP-D3BJ/Dev2-QZVPP,-323.8382266992696,5395.961894989013
L-Alanine,15,UB3LYP-D3BJ/Dev2-QZVPP,-323.7467685578597,7227.187690734863
L-Alanine,16,UB3LYP-D3BJ/Dev2-QZVPP,-323.69637657448044,9153.449676513672
L-Alanine,17,UB3LYP-D3BJ/Dev2-QZVPP,-323.7221899208797,9765.627208709717
L-Alanine,18,UB3LYP-D3BJ/Dev2-QZVPP,-323.74906595177225,25095.18690109253
L-Alanine,19,UB3LYP-D3BJ/Dev2-QZVPP,-323.79102898708106,33008.91071319579
L-Alanine,0,U$\omega$B97X-V-D3BJ/Dev2-QZVPP,-324.00962917348306,11300.90595626831
L-Alanine,1,U$\omega$B97X-V-D3BJ/Dev2-QZVPP,-324.0158699994101,9978.066303253174
L-Alanine,2,U$\omega$B97X-V-D3BJ/Dev2-QZVPP,-324.01138266188207,8943.00606918335
L-Alanine,3,U$\omega$B97X-V-D3BJ/Dev2-QZVPP,-324.0057188268328,9864.316638946533
L-Alanine,4,U$\omega$B97X-V-D3BJ/Dev2-QZVPP,-324.0118381012241,9471.396186828613
L-Alanine,5,U$\omega$B97X-V-D3BJ/Dev2-QZVPP,-324.01781634978045,9710.247695922852
L-Alanine,6,U$\omega$B97X-V-D3BJ/Dev2-QZVPP,-323.99870650746186,10624.011596679688
L-Alanine,7,U$\omega$B97X-V-D3BJ/Dev2-QZVPP,-324.00649380029665,10910.333507537842
L-Alanine,8,U$\omega$B97X-V-D3BJ/Dev2-QZVPP,-324.01306279675066,10787.436710357666
L-Alanine,9,U$\omega$B97X-V-D3BJ/Dev2-QZVPP,-324.0115538682946,10581.861881256104
L-Alanine,10,U$\omega$B97X-V-D3BJ/Dev2-QZVPP,-324.0084438330295,10658.115493774414
L-Alanine,11,U$\omega$B97X-V-D3BJ/Dev2-QZVPP,-324.01284870807,10960.691429138184
L-Alanine,12,U$\omega$B97X-V-D3BJ/Dev2-QZVPP,-324.00794082013743,10977.301212310791
L-Alanine,13,U$\omega$B97X-V-D3BJ/Dev2-QZVPP,-324.0104935507524,10958.886974334717
L-Alanine,14,U$\omega$B97X-V-D3BJ/Dev2-QZVPP,-323.91106452289785,12101.395965576172
L-Alanine,15,U$\omega$B97X-V-D3BJ/Dev2-QZVPP,-323.79133358257684,14869.491043090822
L-Alanine,16,U$\omega$B97X-V-D3BJ/Dev2-QZVPP,-323.6379030942859,15350.619468688967
L-Alanine,17,U$\omega$B97X-V-D3BJ/Dev2-QZVPP,-323.74671073197214,13630.978298187256
L-Alanine,18,U$\omega$B97X-V-D3BJ/Dev2-QZVPP,-323.7811629389357,12599.81721496582
L-Alanine,19,U$\omega$B97X-V-D3BJ/Dev2-QZVPP,-323.7903922880465,15690.167259216307
L-Alanine,0,UCCSD(T)/aug-cc-pVDZ,-323.0217653969327,61347.58671569824
L-Alanine,1,UCCSD(T)/aug-cc-pVDZ,-323.02859084226264,61975.77716445923
L-Alanine,2,UCCSD(T)/aug-cc-pVDZ,-323.0237552900794,62168.62646102905
L-Alanine,3,UCCSD(T)/aug-cc-pVDZ,-323.0187822780751,59877.30360412598
L-Alanine,4,UCCSD(T)/aug-cc-pVDZ,-323.02462956114584,62050.68698883057
L-Alanine,5,UCCSD(T)/aug-cc-pVDZ,-323.0305451647796,61280.40421676636
L-Alanine,6,UCCSD(T)/aug-cc-pVDZ,-323.01006375175393,56940.56574630737
L-Alanine,7,UCCSD(T)/aug-cc-pVDZ,-323.0157948279713,61349.15171813965
L-Alanine,8,UCCSD(T)/aug-cc-pVDZ,-323.02177376671057,64822.81149291992
L-Alanine,9,UCCSD(T)/aug-cc-pVDZ,-323.0203941907591,64446.24202346802
L-Alanine,10,UCCSD(T)/aug-cc-pVDZ,-323.0168100528004,64558.51916885376
L-Alanine,11,UCCSD(T)/aug-cc-pVDZ,-323.0218406909118,66153.80229187012
L-Alanine,12,UCCSD(T)/aug-cc-pVDZ,-323.01668940079634,65606.19096755981
L-Alanine,13,UCCSD(T)/aug-cc-pVDZ,-323.01935535177546,62595.71159362793
L-Alanine,14,UCCSD(T)/aug-cc-pVDZ,-322.931015667614,62168.97227859497
L-Alanine,15,UCCSD(T)/aug-cc-pVDZ,-322.86777100110925,69875.59721374512
L-Alanine,16,UCCSD(T)/aug-cc-pVDZ,-322.8174304211896,85324.34205245972
L-Alanine,17,UCCSD(T)/aug-cc-pVDZ,-322.8801773312358,86217.1029586792
L-Alanine,18,UCCSD(T)/aug-cc-pVDZ,-322.7820001468724,97658.80226135254
L-Alanine,19,UCCSD(T)/aug-cc-pVDZ,-322.7991357127542,135683.45168685913
L-Alanine,0,UCCSD(T)/aug-cc-pVTZ,-323.39582504538936,1353884.2555160522
L-Alanine,1,UCCSD(T)/aug-cc-pVTZ,-323.40208109176234,1239415.0554466248
L-Alanine,2,UCCSD(T)/aug-cc-pVTZ,-323.3971777081442,1293601.402053833
L-Alanine,3,UCCSD(T)/aug-cc-pVTZ,-323.39279072671826,1254874.9564285278
L-Alanine,4,UCCSD(T)/aug-cc-pVTZ,-323.398221317572,1295986.3463096619
L-Alanine,5,UCCSD(T)/aug-cc-pVTZ,-323.403545779823,1234527.2709236145
L-Alanine,6,UCCSD(T)/aug-cc-pVTZ,-323.384172725957,1279639.2205314636
L-Alanine,7,UCCSD(T)/aug-cc-pVTZ,-323.3911609790416,1314942.550655365
L-Alanine,8,UCCSD(T)/aug-cc-pVTZ,-323.39687793558124,1427649.0495262146
L-Alanine,9,UCCSD(T)/aug-cc-pVTZ,-323.39542647762283,1430821.9005699158
L-Alanine,10,UCCSD(T)/aug-cc-pVTZ,-323.39229927082755,1373340.9831504822
L-Alanine,11,UCCSD(T)/aug-cc-pVTZ,-323.39686523473625,1425051.8432350159
L-Alanine,12,UCCSD(T)/aug-cc-pVTZ,-323.3920388394262,1430879.226234436
L-Alanine,13,UCCSD(T)/aug-cc-pVTZ,-323.39409647569244,1430911.4475822449
L-Alanine,14,UCCSD(T)/aug-cc-pVTZ,-323.29734050184265,1452824.3414115906
L-Alanine,15,UCCSD(T)/aug-cc-pVTZ,-323.232015470583,1482251.1815376282
L-Alanine,16,UCCSD(T)/aug-cc-pVTZ,-323.1851791325064,1581033.9654808044
L-Alanine,17,UCCSD(T)/aug-cc-pVTZ,-323.24313413560026,1762770.9389724731
L-Alanine,18,UCCSD(T)/aug-cc-pVTZ,-323.1489293972608,2191501.6329345703
L-Alanine,19,UCCSD(T)/aug-cc-pVTZ,-323.16446092948047,2811976.0777664185
L-Alanine,0,UCCSD(T)/CBS,-323.5948900750949,1415231.8422317505
L-Alanine,1,UCCSD(T)/CBS,-323.59989182170983,1301390.832611084
L-Alanine,2,UCCSD(T)/CBS,-323.5948879293192,1355770.028514862
L-Alanine,3,UCCSD(T)/CBS,-323.5908953913202,1314752.2600326538
L-Alanine,4,UCCSD(T)/CBS,-323.59605114462966,1358037.0332984924
L-Alanine,5,UCCSD(T)/CBS,-323.6010590418674,1295807.6751403809
L-Alanine,6,UCCSD(T)/CBS,-323.58248713726823,1336579.786277771
L-Alanine,7,UCCSD(T)/CBS,-323.5904869060266,1376291.7023735046
L-Alanine,8,UCCSD(T)/CBS,-323.59596856987184,1492471.8610191345
L-Alanine,9,UCCSD(T)/CBS,-323.5944736248861,1495268.1425933838
L-Alanine,10,UCCSD(T)/CBS,-323.59159715209205,1437899.502319336
L-Alanine,11,UCCSD(T)/CBS,-323.5959405879448,1491205.645526886
L-Alanine,12,UCCSD(T)/CBS,-323.5912857936306,1496485.4172019958
L-Alanine,13,UCCSD(T)/CBS,-323.5929738368663,1493507.1591758728
L-Alanine,14,UCCSD(T)/CBS,-323.4916691055941,1514993.3136901855
L-Alanine,15,UCCSD(T)/CBS,-323.4250969388572,1552126.7787513733
L-Alanine,16,UCCSD(T)/CBS,-323.3799863885563,1666358.3075332642
L-Alanine,17,UCCSD(T)/CBS,-323.43544636528304,1848988.0419311523
L-Alanine,18,UCCSD(T)/CBS,-323.3431761196102,2289160.435195923
L-Alanine,19,UCCSD(T)/CBS,-323.35776830068966,2947659.5294532776
L-Alanine,0,"NEVPT2(10,10)/aug-cc-pVDZ",-322.9362085035651,56634.14167404175
L-Alanine,1,"NEVPT2(10,10)/aug-cc-pVDZ",-322.9296204089922,37403.98723983765
L-Alanine,2,"NEVPT2(10,10)/aug-cc-pVDZ",-322.9178208896636,46073.191692352295
L-Alanine,3,"NEVPT2(10,10)/aug-cc-pVDZ",-322.9130045121169,46631.86235046387
L-Alanine,4,"NEVPT2(10,10)/aug-cc-pVDZ",-322.9262858242027,43714.76299285889
L-Alanine,5,"NEVPT2(10,10)/aug-cc-pVDZ",-322.9329293627152,92533.1467628479
L-Alanine,6,"NEVPT2(10,10)/aug-cc-pVDZ",-322.9124615104139,38323.73473739624
L-Alanine,7,"NEVPT2(10,10)/aug-cc-pVDZ",-322.93051948851445,14706.484683990479
L-Alanine,8,"NEVPT2(10,10)/aug-cc-pVDZ",-322.9327409711857,16344.847644805908
L-Alanine,9,"NEVPT2(10,10)/aug-cc-pVDZ",-322.9351997805406,45231.238483428955
L-Alanine,10,"NEVPT2(10,10)/aug-cc-pVDZ",-322.91286394403096,44269.65849685669
L-Alanine,11,"NEVPT2(10,10)/aug-cc-pVDZ",-322.91752380685307,70754.91481399536
L-Alanine,12,"NEVPT2(10,10)/aug-cc-pVDZ",-322.9274591297449,58563.950717926025
L-Alanine,13,"NEVPT2(10,10)/aug-cc-pVDZ",-322.930261830176,30864.668159484863
L-Alanine,14,"NEVPT2(10,10)/aug-cc-pVDZ",-322.8121180041519,27286.091079711914
L-Alanine,15,"NEVPT2(10,10)/aug-cc-pVDZ",-322.7729644794631,13789.10962677002
L-Alanine,16,"NEVPT2(10,10)/aug-cc-pVDZ",-322.68925730909405,36210.29232406616
L-Alanine,17,"NEVPT2(10,10)/aug-cc-pVDZ",-322.6945203499766,76304.02306747437
L-Alanine,18,"NEVPT2(10,10)/aug-cc-pVDZ",-322.7625762894362,36952.59120941162
L-Alanine,19,"NEVPT2(10,10)/aug-cc-pVDZ",-322.6874099394071,87995.27419662476
L-Alanine,0,"NEVPT2(10,10)/aug-cc-pVTZ",-323.27622605766334,615067.5068054199
L-Alanine,1,"NEVPT2(10,10)/aug-cc-pVTZ",-323.28932252622604,702184.1310920715
L-Alanine,2,"NEVPT2(10,10)/aug-cc-pVTZ",-323.2522859357397,185096.3443069458
L-Alanine,3,"NEVPT2(10,10)/aug-cc-pVTZ",-323.2944180672322,191205.24521636963
L-Alanine,4,"NEVPT2(10,10)/aug-cc-pVTZ",-323.2846717710024,433343.78690338135
L-Alanine,5,"NEVPT2(10,10)/aug-cc-pVTZ",-323.29135968974794,434057.0312614441
L-Alanine,6,"NEVPT2(10,10)/aug-cc-pVTZ",-323.2911047520004,315528.79649734497
L-Alanine,7,"NEVPT2(10,10)/aug-cc-pVTZ",-323.29440454950554,453875.09156417847
L-Alanine,8,"NEVPT2(10,10)/aug-cc-pVTZ",-323.2528260072202,667190.5272636414
L-Alanine,9,"NEVPT2(10,10)/aug-cc-pVTZ",-323.27827580538985,542962.690322876
L-Alanine,10,"NEVPT2(10,10)/aug-cc-pVTZ",-323.29162460231544,214250.50636672974
L-Alanine,11,"NEVPT2(10,10)/aug-cc-pVTZ",-323.27857782228057,782035.2824554443
L-Alanine,12,"NEVPT2(10,10)/aug-cc-pVTZ",-323.2913529693178,328862.4126701355
L-Alanine,13,"NEVPT2(10,10)/aug-cc-pVTZ",-323.2975296606333,239566.187915802
L-Alanine,14,"NEVPT2(10,10)/aug-cc-pVTZ",-323.1752278662822,713829.0534477234
L-Alanine,15,"NEVPT2(10,10)/aug-cc-pVTZ",-323.1107601242617,656100.9813117981
L-Alanine,16,"NEVPT2(10,10)/aug-cc-pVTZ",-323.0499284098816,251259.65385437012
L-Alanine,17,"NEVPT2(10,10)/aug-cc-pVTZ",-323.1341011510869,498440.3937950134
L-Alanine,18,"NEVPT2(10,10)/aug-cc-pVTZ",-322.96592515651366,1193682.3805732727
L-Alanine,19,"NEVPT2(10,10)/aug-cc-pVTZ",-323.1270657239472,449105.1156921387
L-Alanine,0,"NEVPT2(10,10)/CBS",-323.451318331796,671701.6484794617
L-Alanine,1,"NEVPT2(10,10)/CBS",-323.47478174224284,739588.1183319092
L-Alanine,2,"NEVPT2(10,10)/CBS",-323.44358570885294,231169.5359992981
L-Alanine,3,"NEVPT2(10,10)/CBS",-323.5032658446082,237837.1075668335
L-Alanine,4,"NEVPT2(10,10)/CBS",-323.4693935560598,477058.54989624023
L-Alanine,5,"NEVPT2(10,10)/CBS",-323.4760614478659,526590.178024292
L-Alanine,6,"NEVPT2(10,10)/CBS",-323.48521572218016,353852.5312347412
L-Alanine,7,"NEVPT2(10,10)/CBS",-323.4826044581201,468581.57624816895
L-Alanine,8,"NEVPT2(10,10)/CBS",-323.42175044395754,683535.3749084473
L-Alanine,9,"NEVPT2(10,10)/CBS",-323.4566697291401,588193.9288063049
L-Alanine,10,"NEVPT2(10,10)/CBS",-323.4868381215806,258520.16486358643
L-Alanine,11,"NEVPT2(10,10)/CBS",-323.46512762257385,852790.1972694397
L-Alanine,12,"NEVPT2(10,10)/CBS",-323.4794734065991,387426.3633880615
L-Alanine,13,"NEVPT2(10,10)/CBS",-323.48685029353294,270430.85607528687
L-Alanine,14,"NEVPT2(10,10)/CBS",-323.37507688704915,741115.1445274353
L-Alanine,15,"NEVPT2(10,10)/CBS",-323.30990709304723,669890.0909385681
L-Alanine,16,"NEVPT2(10,10)/CBS",-323.24074662361613,287469.9461784363
L-Alanine,17,"NEVPT2(10,10)/CBS",-323.32313954746985,574744.4168624878
L-Alanine,18,"NEVPT2(10,10)/CBS",-323.0858591313555,1230634.9717826843
L-Alanine,19,"NEVPT2(10,10)/CBS",-323.32716468930835,537100.3898887634
L-Alanine,0,"DF-MRAQCC(10,10)/aug-cc-pVDZ",-322.931679731566,471022.248
L-Alanine,1,"DF-MRAQCC(10,10)/aug-cc-pVDZ",-322.948106218802,490967.61600000004
L-Alanine,2,"DF-MRAQCC(10,10)/aug-cc-pVDZ",-322.947632765454,440362.34400000004
L-Alanine,3,"DF-MRAQCC(10,10)/aug-cc-pVDZ",-322.942114758216,451619.208
L-Alanine,4,"DF-MRAQCC(10,10)/aug-cc-pVDZ",-322.947335494715,451225.80000000005
L-Alanine,5,"DF-MRAQCC(10,10)/aug-cc-pVDZ",-322.958721091429,310832.64
L-Alanine,6,"DF-MRAQCC(10,10)/aug-cc-pVDZ",-322.929357259971,501769.512
L-Alanine,7,"DF-MRAQCC(10,10)/aug-cc-pVDZ",-322.932213924181,637892.736
L-Alanine,8,"DF-MRAQCC(10,10)/aug-cc-pVDZ",-322.930718768385,768715.872
L-Alanine,9,"DF-MRAQCC(10,10)/aug-cc-pVDZ",-322.929307081963,732446.664
L-Alanine,10,"DF-MRAQCC(10,10)/aug-cc-pVDZ",-322.926222547176,767725.992
L-Alanine,11,"DF-MRAQCC(10,10)/aug-cc-pVDZ",-322.93763137768,683183.184
L-Alanine,12,"DF-MRAQCC(10,10)/aug-cc-pVDZ",-322.924659215263,800901.552
L-Alanine,13,"DF-MRAQCC(10,10)/aug-cc-pVDZ",-322.935999932118,644174.952
L-Alanine,14,"DF-MRAQCC(10,10)/aug-cc-pVDZ",-322.838550556192,847833.696
L-Alanine,15,"DF-MRAQCC(10,10)/aug-cc-pVDZ",-322.79146950825,620417.424
L-Alanine,16,"DF-MRAQCC(10,10)/aug-cc-pVDZ",-322.709366349869,751752.84
L-Alanine,17,"DF-MRAQCC(10,10)/aug-cc-pVDZ",-322.784198113215,463433.208
L-Alanine,18,"DF-MRAQCC(10,10)/aug-cc-pVDZ",-322.794515569493,594957.36
L-Alanine,19,"DF-MRAQCC(10,10)/aug-cc-pVDZ",-322.796250311453,872171.904
L-Alanine,0,"DF-MRCISD+Q(10,10)/aug-cc-pVDZ",-322.903161489405,418498.224
L-Alanine,1,"DF-MRCISD+Q(10,10)/aug-cc-pVDZ",-322.917066329678,431888.88
L-Alanine,2,"DF-MRCISD+Q(10,10)/aug-cc-pVDZ",-322.915796386881,397305.26399999997
L-Alanine,3,"DF-MRCISD+Q(10,10)/aug-cc-pVDZ",-322.909486661274,425111.25600000005
L-Alanine,4,"DF-MRCISD+Q(10,10)/aug-cc-pVDZ",-322.915347824295,420097.848
L-Alanine,5,"DF-MRCISD+Q(10,10)/aug-cc-pVDZ",-322.924305067767,284362.704
L-Alanine,6,"DF-MRCISD+Q(10,10)/aug-cc-pVDZ",-322.895826629322,413331.12
L-Alanine,7,"DF-MRCISD+Q(10,10)/aug-cc-pVDZ",-322.900381927452,529188.504
L-Alanine,8,"DF-MRCISD+Q(10,10)/aug-cc-pVDZ",-322.902149633872,661745.2320000001
L-Alanine,9,"DF-MRCISD+Q(10,10)/aug-cc-pVDZ",-322.901294875982,654125.112
L-Alanine,10,"DF-MRCISD+Q(10,10)/aug-cc-pVDZ",-322.897458294902,633741.216
L-Alanine,11,"DF-MRCISD+Q(10,10)/aug-cc-pVDZ",-322.906101593057,532285.92
L-Alanine,12,"DF-MRCISD+Q(10,10)/aug-cc-pVDZ",-322.896155715706,672031.248
L-Alanine,13,"DF-MRCISD+Q(10,10)/aug-cc-pVDZ",-322.904236009007,540676.7760000001
L-Alanine,14,"DF-MRCISD+Q(10,10)/aug-cc-pVDZ",-322.808777644288,705279.456
L-Alanine,15,"DF-MRCISD+Q(10,10)/aug-cc-pVDZ",-322.761330295403,715150.2239999999
L-Alanine,16,"DF-MRCISD+Q(10,10)/aug-cc-pVDZ",-322.675628037243,675908.2320000001
L-Alanine,17,"DF-MRCISD+Q(10,10)/aug-cc-pVDZ",-322.756221459558,448885.05600000004
L-Alanine,18,"DF-MRCISD+Q(10,10)/aug-cc-pVDZ",-322.758184183524,549900.696
L-Alanine,19,"DF-MRCISD+Q(10,10)/aug-cc-pVDZ",-322.762079952799,755510.088
